pitch,loudness,jitter,shimmer,speechrate,timbre,energy,alignment
1972.0382270435016,20.285088820975187,25.17900190089689,22.168098568383975,166.93331107383332,1299.195077915102,145.61697494276248,30.17108712498611
1486.5240138744025,31.566781533848925,36.52671347851175,33.92184574485962,166.93712425083334,1278.4781123359453,171.72579868300002,58.300988676624996
4854.05254463508,28.089150897478703,29.09600149459019,25.73704248787858,166.94875863319442,3645.084100129012,284.23181558187497,46.289316989930555
2967.511335310805,22.725821927851438,21.04440703904831,24.503293699802168,166.96069917625,4055.8676111967698,235.13942843575003,24.774493807291663
39.832948648684784,19.188726138969805,23.767063399879135,20.49649584079301,166.96145068194443,2995.3778367048967,179.52624768433336,23.01057703125
877.730665082546,30.69199819718609,28.486445158658228,24.609965981594456,166.96287018480552,3400.2665044046407,192.081873500375,40.41033578586806
816.6388760979946,30.386857668618976,29.610905966364474,29.612580132852003,166.95719216397222,3748.360928788189,205.5826616207083,42.11407435218751
198.70746724460543,27.208176364553616,28.218571465327376,24.536927079868196,166.95524382041668,4038.553298145041,195.1628672802083,37.72152498760417
270.79357219887487,25.737489289247705,22.540293346524592,22.5129031998944,166.9600868436111,3496.477159290623,186.73852019622498,33.93796714635417
260.0950997405895,22.442012091926514,25.535685022458505,19.753060599998804,166.95811066805555,2949.584280034079,251.94640196011252,28.583417002083333
90.41031660427299,21.29031835464957,28.85969156215598,29.710277253424227,166.95621799208334,2811.5305791269475,225.25153125708334,36.54470660291667
105.80516304329082,30.559428086806896,34.45157123878696,24.738679215648595,166.96120018194443,2199.6752977561086,213.56658384949995,56.91380103708333
900.5269909153861,30.79707424559097,32.46170752280775,25.04629777312335,166.96359385569443,2306.247970205486,127.54686356116663,39.81359465677084
959.089333702373,32.89641961238176,28.343410473604155,27.240097362481183,166.96167335,2284.5277421295714,119.55209921460418,38.66044734340278
231.8653972605973,34.47226378199865,26.935445797003887,29.49355493637915,166.96281452097222,2040.195545470394,115.39825919692917,39.98348951284723
1706.5221551631623,29.91870337189741,31.937022370777584,30.931458138721542,166.9617568484722,2850.3088939900745,179.44967886563336,45.625488062569445
1684.76822581693,31.33822912336727,33.24640603926416,29.853220240513988,166.95730349547222,3429.5458805072235,208.22898964475,36.04462293649306
73.27851571182593,26.504958054186083,28.828126748519843,21.05652853213386,166.95716433152776,2836.2521591115215,179.43322840945828,43.71499191100694
117.08127374774631,21.14736867559246,28.700354156383792,22.18576321494129,166.96214651791664,2364.025657540585,117.08406589825,43.216065650138894
89.87767237940946,27.56313618596078,30.428342169245777,26.236340623265573,166.95861167166666,2493.8550939983875,229.26618234988334,31.67337405065973
75.6699419116843,31.56239597921702,21.492609981819257,17.980811998135195,166.95591182486112,2251.7588500489105,239.27013707438755,30.804684013819447
375.379610531319,23.369246255044835,27.928269881329555,23.0240496204325,166.95101313625003,2660.9005589070675,196.79937953574577,34.650867358194446
415.5293837473811,33.31980997518541,28.607193547036516,28.590271563759146,166.9517089773611,2625.9626811019875,226.86692724775003,41.40794427659723
566.5081300011847,23.84342915874711,23.268510799387602,23.56582611939044,166.95017813569444,2991.949075347698,147.8331430441667,44.25485971604168
404.65115892287434,35.94032129200911,26.266442489058342,16.98872415211442,166.9599755108333,5364.653406619695,250.7930658049041,38.479508311006946
151.38165767772162,26.929576340425296,28.333317003649796,29.46797634014966,166.95980851152774,5185.346876706676,238.29781471892497,32.441188363020835
628.8005593752594,19.275241075916835,32.964572203519474,26.134677615872363,166.9572756623889,3789.4289744318244,185.8869340619167,37.18717927169445
554.3553513091566,17.139641227912215,33.058606174236346,22.851425487821324,166.95198730716663,1457.9206627668852,167.7383944185,25.44627816804167
31.348636486509644,16.365756046725245,27.664868101968388,17.319067640437908,166.94461144736113,856.5368968361341,59.301830608875,19.88191655479167
375.3899452672189,29.417485362029286,24.04271302854832,29.427503372754952,166.94689378902777,2095.288526441356,110.67829851983333,49.67773176003473
428.11000315420273,24.03117796240684,24.923453571718127,21.394420098110444,166.9502894723611,2085.102262015795,111.26526093091668,30.643943830173612
35.616564864898656,16.091577773022767,31.133361792545085,24.996124975684882,166.9521821388889,624.867585166027,37.57283117319584,23.05397980809028
35.616564864898656,25.18976690813189,29.525930948518155,33.98024386119528,166.9561066597222,1875.4523657648542,135.3078101800833,50.62765645833334
62.33083134393541,30.870651316971276,24.90380087290736,31.388453950675135,166.95696949447222,3825.7730585382815,183.43804314991667,48.45432424079861
62.127674532889564,27.29160528044662,27.252461918593074,25.160295170048997,166.95752616669444,3764.5259252648607,178.1286401136667,40.31205376961806
24964.531765665295,20.597337141857757,29.76412114093751,17.855940367561196,166.96231352,3906.2602936250005,505.15900936941676,42.69132083805556
73236.84645148893,30.728779213547913,23.516633778984165,29.717917006598405,166.96757403875003,2688.990647795001,658.077190121375,46.327699688159726
43586.51267649467,42.677271260974855,33.48424981437844,26.832137888342192,166.971442885,3077.6452249083472,559.7227690992914,42.01951556215279
669.8484389727263,35.755875037568934,25.281937144436903,17.951702829910705,166.96086618041664,2485.0125051751247,122.51316347529166,27.882592872222222
39.69164775022616,29.140540807262724,23.89585059867835,29.312904655290147,166.95852817486107,2201.819610178523,169.15077892269997,26.680471887805556
34.4245783783954,22.491716427052538,29.717841378635683,20.35027683278014,166.9539356555555,1414.6688687560686,149.69569800520836,24.200126896875005
326.9861582086007,30.022075841545302,27.65018484361822,31.708668444579448,166.95524382208333,3021.69319772654,219.95809549141663,55.91574631809029
445.378862338669,27.504956250795512,32.785518630201416,23.767852567122286,166.9563571656944,5361.991212077921,250.42259805212504,46.416150712847234
589.3792788102675,22.908537890760364,31.0819995556101,19.197745231631707,166.95399131666667,4279.389333569315,215.1467212230833,30.245467984166666
755.0931783483784,22.30437918327138,28.364379125405357,22.616348515604276,166.96003117430553,4160.473747550027,204.6897494706667,33.594014947812504
860.2485916971052,29.696897807400536,29.69286170624571,27.017713485307745,166.9597250075,2560.325756578912,215.12308586262077,42.77449380802083
580.1680960172137,29.902868910584157,28.333875921748856,27.285998232116924,166.95426965180556,3484.9333195164986,216.16729549116664,41.669246428923614
1086.5667109012888,28.88549389582967,29.885703744617164,29.557312035683555,166.9495936373889,3156.612734545478,189.20326679887503,45.74120788732639
1307.114468079195,22.74754405624276,28.55104710187357,21.05607349597025,166.9506791385555,2398.1673925052914,195.33611239,27.592104529708337
605.9089338311837,18.541656153804162,29.717119823643205,18.374173833371252,166.94681029013884,951.3371255553078,89.11469200758334,17.118864344763885
33.91174324326342,15.267291153943903,27.578930189511826,24.235176308417483,166.9449732833333,241.9324089210652,8.3038732627875,34.25029980972222
59.72376278295569,28.993248922760568,26.363592167806065,33.43843379750189,166.94900913016667,1021.938453963536,90.35650171307498,60.93510849052083
66.80967818881649,27.94709702522995,31.646105664836575,27.37210147356013,166.95318414488887,2336.096227290077,156.250149555375,46.457085284062515
59.51115267701108,22.31646370506058,21.94593651103464,19.373099528450567,166.95605099349999,2180.3097620130393,156.2670435329167,22.433253847604167
123.46843932688972,30.374931423069864,34.54542943449603,28.31487380157231,166.95680249763888,2441.9035232703577,243.3364501138833,55.54807424159722
132.31980260066595,25.10927510349946,26.30731980891654,25.700310067543445,166.95872300180554,2341.414131874909,247.32952848950836,35.40967341381945
74.97083901373,25.7756832225663,23.40509937236086,32.2328951596927,166.95613448916666,3831.8016110674293,216.17719464850413,34.485406904861115
64.05666213006404,29.5505610505635,34.04795667830317,24.60391905056724,166.9544923183611,3535.478301073581,191.86627484429167,38.36704456680555
59.21865087068298,24.164625267686898,29.026381504664364,19.085885470743293,166.9522378108611,2035.3950478686397,136.7756191562917,22.460320447777782
43.149728323492965,19.159182118780645,24.689273502801267,17.00535289301213,166.9501781371111,820.9195728746823,62.31826396245835,15.282498045624997
34.27500540542557,29.901546023473816,28.117460447055635,34.21754352856831,166.9484524658333,853.332007963232,48.932372443958336,60.87587851236112
34.27500540542557,23.85833506714308,27.297921872371116,26.092840310093358,166.94892562902777,1762.0765348509299,88.05732031000001,42.62267821152778
34.27500540542557,18.591825495284713,27.447530280886266,18.05616297575324,166.9512914720833,1755.7928856824885,88.26021087049999,21.473916499722222
34.27500540542557,20.788554984008208,33.299939547365845,30.328682126932925,166.94845245833332,251.84720327676246,8.642415991349168,41.73699659756945
34.27500540542557,15.304406420023572,26.903572607044914,26.8067286144855,166.94797929166668,247.70361837318464,8.49516986135375,35.89660028854167
34.27500540542557,13.950393493780286,26.69080696301228,18.744240221436637,166.94650412499993,246.20709592725385,8.38239751592125,36.74705767500001
531.2613120389974,29.29073371062008,29.20062694594627,33.70428828424283,166.94937096805552,1073.03212871424,88.81359475008331,58.79998465954863
1126.0702607570508,30.040495875709833,31.461756095954375,25.761021088766277,166.95766533138888,1970.4741221654572,221.74402627379163,53.67680443902779
679.7067296929945,25.306566553614108,27.681767964007786,23.045048791824378,166.96732354111109,2190.1616729937687,140.00523604366666,31.960243751875005
63.7851176954193,28.02815719942763,28.57538572375887,25.9848418620828,166.96640503516664,2125.8084149288543,179.00532657804163,37.49120788586112
582.3514733109539,29.28205291219881,31.92130408159831,21.350022676910264,166.96156201472223,2994.9830275193867,186.44100954175,43.42415495336805
395.591637684427,20.18646685738389,31.45436777287746,22.83024246881874,166.96061567722222,3105.88026816468,194.40230091766668,39.1254113665625
192.9554632353157,32.21072007131289,23.134006508468197,27.944674573130545,166.96587619902778,2417.190591965183,157.78336431870832,45.91120035659722
225.77209294136944,29.656670723940543,22.596999758786183,27.196319303465938,166.96206302027778,2010.4470264315878,179.92560867416668,31.556259760694445
101.35661436168947,24.25443333662327,28.487328037774105,22.71044623082619,166.95438098555556,1533.9272558410091,208.53395331516666,21.419030288090276
34.62131621624149,20.72925654394005,32.968916203852864,17.712704964135344,166.94733912638884,246.16756957787075,8.420964490091249,40.115308454513894
34.62131621624149,15.21680669193171,25.236599940778106,31.321165470302127,166.9490926347222,242.10005514503757,8.190568827551667,40.80666415659723
51.36068060537566,27.600614143323924,26.108449594075417,31.41342831259462,166.95123581049998,1189.74966129156,123.66866091816667,56.57462488780556
47.44834054491381,22.72674999684835,31.43330860406705,27.7340010745386,166.9514863077222,2693.0902923443286,137.50753992933332,43.137152777388884
422.97049825492985,35.31297058454843,28.17520473701701,25.171566572780193,166.95922400944443,3689.7610807164483,237.24737265104167,42.60072233388889
489.6462961230837,37.27568403439786,23.89120835577844,30.06646070616215,166.9599755086111,5101.450282298094,254.9264101015833,38.243376282222215
993.3935429046406,33.23288865677562,28.98371226364833,25.366959994820725,166.9584725011111,4134.797048007051,249.6926323006666,41.28463855336807
1624.0403585914216,26.71771420869746,31.254596808626115,19.47651764194354,166.9572478358333,4629.048664665226,246.822835259125,37.041234381562504
740.9585480290668,31.04831118135473,29.023281698444702,28.303374113263594,166.95958583791668,3522.13938053141,184.3652027159167,31.56596524940973
494.3816304234252,41.076024833044606,23.223461433611277,29.912108808848508,166.96643286402775,2113.716692686872,115.62125377579166,34.10925646920139
989.6507834205557,31.174580015349587,35.223018522968296,31.50779848534459,166.96712870749997,2487.407740367229,135.08322565854166,54.460208889722225
2495.6417060771128,25.161602654500975,29.985921391138582,26.458613522819864,166.9651525347222,2820.1037346282433,141.45411243604167,43.63374330590278
1777.7427046895593,35.85067213785073,24.354793198122575,26.70706000892135,166.96348251944445,2856.422044272825,148.0926212854583,36.75831102118056
259.1789064984794,30.548026049553055,30.775801461627857,27.00277040041536,166.9580271661111,2451.41755150457,237.9204820368833,32.65621513763889
162.10185906295405,18.937108398173297,29.412172642367075,30.588949736291287,166.95435315569443,1207.0400902809124,129.18605812316665,24.787037036423616
536.7907070951377,30.18622915895268,34.37976077732355,29.074847004152986,166.95908484305554,2372.9214250610034,266.957529840875,58.98263888819445
679.1677270365703,34.84819372758245,29.577230636837697,25.05536176695957,166.96292585416666,3122.720128224598,224.16491422116655,43.63271837291667
437.04595026749996,35.70773978004863,20.287280088105504,27.909039693126648,166.96083834527775,2407.6139560986894,117.79901689849999,32.05592508802083
194.43870786545622,21.48260064857644,32.87497924594764,22.981789449462397,166.95460365383332,1954.2901298061768,207.86720777970834,30.39839915215278
209.77285273853215,32.54189374380647,27.05694648081132,29.724513285654574,166.95861166791667,3592.3942439531406,210.88236285387504,42.840263831458344
205.83161842982784,28.013972429290163,22.92882769496961,23.82773543240125,166.9590291709722,4667.95781041356,244.8772592306,41.14586122256944
127.26231729948026,31.55653081502562,26.194501431537795,18.376918435795226,166.95991984166665,4334.1203504093,215.9526391269958,37.56945838923611
273.13737468674896,29.232414956350542,33.97291567857093,27.60792624955826,166.96312069027775,3700.441264567224,214.1191821646042,40.22313559791667
263.91170754051836,35.20072369780386,31.69953564894991,28.400852489081434,166.95605099305556,4894.634877280969,234.58479676080003,48.32938699152778
382.6886614812838,33.92975063424846,25.227073048908334,21.571466871088536,166.9579715023611,5464.799481793239,253.60317703522506,32.37499999965278
884.2919678845835,25.61551585681546,31.45142487307361,36.24961621408132,166.96092184444444,4438.012997639762,215.52297130218338,46.67768992534723
1008.5167394864974,27.382877064766948,30.18791970551193,26.526262024081362,166.95582832541666,4416.053168503448,235.03787881989163,35.23897674006945
1274.945340718219,25.955510852082952,22.15916508076779,20.092653187725933,166.95429748444445,4233.148509781447,222.048550586975,33.15191320805556
1182.0829326076432,22.387085527769216,31.067290077973244,22.832148250029753,166.95730350208333,2925.3497551169794,191.8467274325208,32.846748101979166
1063.892059299016,28.742608300997837,29.346206810953475,16.539072973351367,166.95563349258333,1460.0450939874606,110.44116724354167,37.41566962183334
279.3849802103485,22.63601466225384,22.666869660782485,25.260824389576626,166.95343464852775,1652.6639144611588,87.2322853575,35.21034136409028
175.35071596716054,17.39201151244454,29.71218154727629,31.11440297490488,166.95602316005554,3230.728143078497,158.7511473327083,35.954038374402785
57.23145757073214,31.707914766842915,25.75305538136551,23.18872467993802,166.95953017027782,2691.618925603575,174.75226959916668,46.64579149960417
137.0368302894768,29.85222170081493,22.34737315569229,19.520621171324777,166.96612670152774,2621.858970183189,135.9880832830833,36.855623883368054
345.28783665886755,32.30270747253945,32.77028252488923,27.627090546987652,166.96612669902777,2526.0607127271,121.579480719375,42.34895833274306
1204.921740987868,24.56675087754108,33.24639559020933,21.833449911900424,166.96275885194441,2496.257554375439,131.325903268875,38.97319834899306
1117.1132735595265,43.70867510014515,24.172744260552047,22.478827410116597,166.96214651583333,3758.958407584022,200.56802616650006,36.34445420479167
173.37171681083592,33.952646548894656,25.568420441012574,27.43724036980674,166.9644566936111,3755.454027819476,183.63024112719168,40.99445699479167
128.8951877853857,24.18727602160257,26.720572799807336,25.909450655201272,166.9612280158333,3087.8585011392383,211.1064014039125,27.993794622222218
636.4774540842113,29.820750811405915,31.96944340680019,26.216554501789656,166.95819416583333,3723.331777901159,189.06688818323747,41.18399988784723
3166.270093186478,23.28107778087327,34.24975553927517,25.24286637558249,166.95641282708334,3100.71793758219,194.24584876162498,42.964915215763895
3224.8111026763845,30.900114782907117,23.402553057959146,29.58054110412281,166.95997550680556,2351.6030706357583,123.20043851904167,30.28161256121528
105.19990847908325,35.551387301644354,24.674723260088214,31.98116550217848,166.96197951777776,3061.483059764047,152.4947218927,40.39648873295139
1798.7316158624324,24.64740504923111,37.63994019413885,24.120708967233032,166.9588065044444,4034.187923352523,198.44878897712502,47.97570838916667
2174.111992323863,30.202260383068555,28.471305138794488,24.77585813126649,166.9537964847222,4346.908093764165,220.24496892149998,36.77692018027778
892.1712178442602,27.633069924028845,26.321464053622062,24.269856984115286,166.95279447291665,3802.152995179579,206.5305919878333,26.839162203645834
232.58902309351626,31.668198813117325,28.76105151364366,15.98139242848839,166.95048430097222,3083.9030666406434,155.91474685020833,41.46690930274306
141.50927700258438,30.116671133987033,25.812798931477193,30.258054960132583,166.95332331555554,2462.7621290486363,255.41322101420835,50.84591839420139
218.88500495507324,27.403177374746782,24.133229811338182,24.928356464701327,166.95972500666664,2911.149493721268,174.46854549578333,35.31636964409722
172.77152974474248,37.03731611222091,31.404812436360764,30.131524030710857,166.95797149777778,2177.766832171262,109.6084464027,47.718931280416676
743.3699440157001,34.18187114390509,36.105998263176915,27.98375862334229,166.91947784958336,3533.5686997951148,191.48653482183332,49.71931475875001
2078.486110483735,33.99835582965868,28.540866543922625,21.1349954867061,166.91894900555553,3995.9669639342555,207.10474017345834,42.44834895104166
3429.8569557656733,33.77536695679308,21.24776056798211,23.662516126851603,166.9599755097222,2903.0980515355686,143.73615788683333,29.524849396180564
1866.5586821815064,25.361327705976407,27.28486743101466,29.49320899397386,166.95271098041664,2526.49164787251,237.01228626290415,28.970953256979172
994.5500598046859,23.269394889990675,23.7818564650448,22.138986123956954,166.88927856000004,3594.7003236661076,222.64538780128748,30.325893852916668
582.919383078738,21.360077425123325,27.21248137583531,24.975651043443357,166.85340124291668,4115.219291368479,216.46897143538328,37.83389809361111
2702.634119758695,20.951047987699052,27.28654441225691,21.939899740948693,166.7832053034723,3364.724290207637,237.824513147375,30.471671407430563
5192.597597714188,28.17752305668492,19.608512780598097,31.127666763695153,166.75489869138897,3058.3268893147906,190.82356624280837,28.009454484027778
3174.788348693816,21.699137180469137,27.316809881955663,31.363503472864647,166.73920062075,2287.6814690004003,190.12799583877919,42.522618251944444
1067.1454326297485,31.439074751901764,36.37998727995405,32.53112992846358,166.7873246473612,3313.9360394009177,184.21253004798754,51.98298750402776
924.9210004692467,24.720535272227515,28.526760002859756,27.65734793351484,166.72614673500001,2234.6247799088524,125.05894187419999,34.24120091441668
554.6790835775566,19.620739479342433,23.087900461694684,22.35191748923296,166.7627755530556,1552.3511870512757,189.9967190529709,33.23327337097223
70.87874657515594,25.872429034032788,30.486551881032096,29.98080248890279,166.79982186486117,3263.3360440800575,230.10356961300417,49.86118083388889
206.13596663750377,21.1914771560246,26.062055022888675,30.289175913855026,166.8634769555556,4759.352140319674,227.82987145491248,30.558490910381945
240.1659002359305,24.06662906200626,29.73856159536271,25.04334011651001,166.78245379402787,3724.192733879373,177.9658385037333,36.540809068090276
146.63076562972458,18.61202376565446,22.27851536508045,20.596939452357894,166.73972945852782,1919.1126207741656,128.17536035157914,18.408104641625
528.4230662124021,30.114124210672898,36.0506738548295,34.09192647241828,166.8122355756945,3036.0281345148273,234.93888889666673,56.16651327694443
1026.0776593050377,27.352790875236213,27.317878856245013,34.79351300468214,166.90948563041675,2661.0596039432107,223.95378739342084,42.139565205902784
2647.3107201221737,34.20917435908919,30.826660771897668,30.53393727842874,166.95677466249998,2979.3165302021653,165.48456955683332,38.91253207291667
4032.723829515633,33.6848126262617,35.91019321310012,22.477402650778348,166.89704409027777,3999.7654828682266,239.72088893033333,43.35189368586805
2851.332528049518,27.532095786173134,24.996679945752632,18.313956777124023,166.78813181819447,3874.6624034160395,226.23985898285,26.473003122673607
1533.974812105597,23.370220284299002,21.395214728151632,32.03676794674003,166.8011857036112,3042.6387600693993,231.5869749084625,30.06668340097222
1402.5246842939682,23.874980121516433,29.788095251122545,26.65962223151772,166.82295146083342,3193.7254552805025,217.8097030543083,51.791129797916675
1570.6262926012646,21.164204069352433,25.304993534523597,19.160722504665728,166.8819026948612,3925.836813707427,208.54639939679166,32.22672635062501
892.8706026851218,32.814309549620376,27.79119017412299,31.41960083317157,166.83675685202786,3320.8983332823423,211.46968557380424,33.48926957875
20139.06946351871,30.766025025618024,24.741232953586348,21.941661083524608,166.7936985070834,4003.412755540997,308.3123071190167,40.550709782743056
20456.543184601473,24.52110419467422,28.73113366532875,22.92351733127348,166.781897132639,3435.087713130103,281.15166639627927,37.39465500861111
8058.507072597099,19.816980503803084,19.581485721844377,20.771393333321488,166.75587285316672,2022.534590870841,189.463688852925,12.821780175993053
1308.4567956458404,30.971847388225754,31.8600673393407,32.82544691343052,166.75776553263893,1488.147691526725,195.100229500775,60.075852019027785
1934.994819365524,33.37094288894589,32.839835138072104,32.573102408477624,166.86436762513895,2678.736731441167,285.26486751371664,53.30522088454859
879.3651682650108,30.853131925333788,26.798756921875878,29.64067869088451,166.9199788469445,2913.004227764479,207.76949221033752,36.448321061562496
797.4633961896999,28.155336194383246,17.73067344588032,31.69134065828149,166.8786183448612,3889.2189969258116,248.90182559371252,23.955000557152776
137.60007084489783,25.97650083657762,24.555390828379757,33.053906072306624,166.85173124652783,4679.068390365725,246.51201602512495,43.14937528048611
141.25461555955573,26.19248040888554,32.671237304656536,26.574520465245417,166.93133488972225,3497.731970289146,168.08968819021246,42.08686133430555
378.69579641642173,31.248841381474325,32.983407652238256,25.688320503997662,166.8974615931944,4340.410010896312,216.18025952555834,44.24459644125
1239.2650649195245,34.76874356686233,28.138679401323255,33.85524820776209,166.9237641936112,3761.2806114803834,200.18113024992502,41.9497713073611
1506.360290391165,34.048702715492354,30.86026503792119,28.770581763147415,166.87433199486117,3547.7957654471725,260.29783415650826,31.377816823194443
922.7986975967781,21.39922482328908,25.53362298315682,21.808490177161033,166.75668003416675,2333.4870926106787,182.33517370849995,18.65241521513889
7733.697735831818,28.338755659546432,19.034918743686568,21.206935520067276,166.79589735472229,2552.1009116759556,269.1296653152834,41.18998215020834
7119.03543464937,35.64743871577554,35.31185381719096,37.72070077841124,166.84157203194454,4610.725350109343,297.69633713229166,49.7645303440625
596.7833263321917,37.5648628139993,29.08889632438612,31.461721011517817,166.91605433027777,4170.410516422463,220.17959276709996,40.81876115590278
283.46203829258997,28.982713306399514,21.639265974518185,30.944870017167002,166.96353818749998,2957.682501344607,139.83572065912503,35.244352408680555
100.7454555364354,33.437261932436186,31.642623899597513,27.233624784475992,166.96214651805556,2814.2578719628095,131.71129317495834,38.74754573819444
180.65926103603783,33.67686679719106,26.301756388971256,26.931233563259955,166.91143398013892,2932.547834723094,209.98945028787503,34.05370788718751
205.50867722782704,28.96791899109916,20.266446494563557,21.752967570733443,166.8103985704167,3001.6257540623346,236.14527167148336,25.346524990694444
340.5148207967811,25.193959742124864,33.066491893351504,31.071439354722745,166.7526998468612,2819.0104067969523,160.11101184677918,50.22416053152776
1220.312640496616,20.664974228834378,36.300714375690184,24.23958028100789,166.77755511027783,4099.952009262144,200.75916001027085,38.651013777569446
1435.35666621863,29.20209560274419,25.40232733595446,27.681130075303017,166.7848196373612,4282.289246197754,215.73471771727085,33.29532016756945
1304.9509269477924,24.824850591100887,27.657069766117413,26.451623613448405,166.78868849027782,4719.073212327828,219.2779417089125,36.490420012430555
1379.4254894215485,21.9720778743007,34.18782483966283,28.90789542518123,166.8107325733334,4480.632085050056,240.2274012895083,48.4095060801389
570.222479453708,33.467809171233995,28.58032939930766,32.33007624839799,166.85212090958342,4979.62026440612,247.77484305482915,45.347438365312485
116.47477741919288,29.28100013200684,24.42769857461772,32.470232111763785,166.8262358068056,4863.844430340766,235.4271078219792,37.16353608878473
88.78089265724839,22.53621087477811,28.761728552615523,24.46427903195456,166.8005177009723,3677.741716872604,221.47281529404995,34.101043061111106
199.86626682537457,32.02591364959711,32.26235953898664,26.305550042937888,166.8567969261112,3717.426466184514,230.78982200942502,49.83806754767361
191.833486781,27.012219245213785,24.474224358550046,26.261075557457122,166.8697394758334,2839.775202557578,233.1209232777625,35.10192854722223
68.97510977554865,27.764289449625505,20.836488800736593,29.955774025852783,166.8642284570834,4658.991944072993,243.47161442360837,31.055269689409727
226.88690356186754,31.723289571276187,32.73606736847392,29.422409010732466,166.79033065847227,4650.413348495572,217.49111482635408,36.65062332555555
321.3554131751649,25.897822871401054,29.673163948993913,21.9492445424255,166.7829269611112,4141.072727661998,198.87147870629585,42.46477576870833
382.8414810793054,20.817170606755326,26.53595358272561,27.473368797549952,166.87068581319448,3411.808502623695,175.30554355183332,35.90792336037501
1158.250413962816,29.78807048267519,31.534140361517085,23.433008964372465,166.87088064930563,3029.4641425399072,193.35513734683335,33.227563030243054
1111.4006414005164,25.77191522511423,23.79721721245322,24.059376237189046,166.8375361881945,4099.714778849417,229.1806177371499,36.413278112638885
846.24556122803,24.33055725488283,38.14610917998792,29.797047198560573,166.8098140702778,3570.3834145539277,231.66167321905834,54.96827588354167
1296.179244516703,19.276419446662164,28.972410119294477,21.47144923686077,166.8343631722223,4076.8812255872035,240.64560907154166,29.335752733333337
707.8731319858355,34.99196559081938,31.004964871323065,28.369391388666607,166.79411601097232,2612.9740337440603,216.79739567839582,31.936161311541664
454.1799525638458,25.65195967696419,28.325415368031077,37.456997961362525,166.81373858361118,2158.340176096443,233.86730523128332,54.153161256979175
432.37693862007035,33.71099168377581,24.013985772841657,30.561757655868394,166.93381206291664,2950.8170163860636,170.4648848644583,42.03866856336805
45498.148978430894,37.738953937562144,34.31289790486713,20.13708627234196,166.96860388069442,2538.1370558265066,378.0748114195417,51.92555639208334
59724.534983016994,44.67255135637146,25.956393886982884,31.913094938407017,166.94141060097226,3014.070623460288,434.81617588327475,42.449617916145826
50550.46332512827,33.474331305987576,23.06129620573749,26.757286506733152,166.9358160791667,3654.717585052753,403.05175402065834,39.59786367604166
1497.2333035484432,26.92483296762649,28.524096465624517,20.127603462428386,166.8561845944445,3503.6346437122183,259.9799020264,30.4977688535764
662.4389113991134,35.24018203922656,24.60849347380937,34.36098710664688,166.84761188972232,4756.889516533917,248.06331475022503,38.099976294444446
1006.2518420100056,24.75425189132642,32.3658680663893,26.785163078516156,166.83046648458344,4816.001069261632,255.47413735336667,42.96345799774306
1302.0977824427268,34.14671318555703,25.20944242652598,36.148173576923824,166.86509129194454,4939.093486166363,264.7389797026792,42.635862896111114
3422.8144698268543,29.551477712709325,24.354556134491133,31.820193666600456,166.9296370527779,3861.977435689897,200.41182755763336,41.28462460729164
2241.9623289123892,22.35669334396165,30.797670476555695,29.376001096351846,166.93715208125,3403.231041812833,187.90791955070833,42.984542337534734
687.073691684442,28.140972332738556,28.979662305009413,22.123869506708097,166.86862614402787,3349.281257388258,249.58278233797503,29.69207385118056
666.5217949635513,29.58895382371079,31.425545107236523,33.31755094900848,166.857075260139,4360.833564583257,229.4011950051666,44.51213186006943
470.04352954749027,21.145264846994948,25.436348451040296,25.551638541839296,166.78033845236118,3152.5718410852187,206.008076336975,30.366821452361123
1242.9414652298242,32.45266531602567,27.452427038335316,21.691231465701712,166.8094244012501,2136.32325951068,262.36484294740416,44.075559180868055
1786.2703000989297,28.11274120887297,27.763140235755785,30.81679242289738,166.8460810495834,3498.1061107059136,275.501950866725,43.78315344784721
916.2798918425663,30.268974549247805,26.72456236623224,28.840948456143014,166.93640057500005,3795.266391328248,187.5265000837375,41.855317101388884
72.63520856377623,25.939814608304054,36.7270414874614,24.721691433365923,166.85966377541672,3998.4406172210365,256.22411261177916,36.547202699756944
454.5062775192214,21.36747546379373,26.987112580529214,20.493719940396446,166.79662101783344,2553.9276150559226,220.81398790040006,33.65219907427083
3704.145086516073,30.03164572898692,23.32514490264173,30.765155647228145,166.77349142986117,4055.8427707111914,232.74556519749157,42.042091978680546
3345.2676015540574,24.87772017342662,30.90264739164071,26.785420447165837,166.77677577375007,4714.493013510544,237.17544838100832,32.796289323472216
937.2691055448355,16.31707498752492,30.324903851395938,32.44273638242055,166.81273657938897,2243.2568502337635,198.05351194849172,48.148998774291684
3875.8496341469863,25.440615390041838,25.202986886808944,21.81762667782196,166.8712981507501,2622.146955536649,227.06425847405413,36.001087683645856
1609.8268854094592,26.060132207862193,23.334629184387722,26.16416475702359,166.83739701652786,3430.430459047944,246.16439045440836,28.596392515277778
61.27683411829906,22.94059056940219,26.156507333287426,30.71958683246266,166.71448452458333,2021.4111579798778,108.22011185996128,37.498661311840266
50.12687440350784,17.134353479390892,16.607341645564222,19.652073433941176,166.71440102430557,1446.837981159722,108.14330567838128,8.331973728229169
84.8328314337927,30.01254904693719,38.84953819337375,33.77441150681275,166.7083333330556,1335.8219909587738,106.43541241437504,64.1464468987153
81.84090063522541,27.079064447432998,29.862762197778153,31.65785562008885,166.76464039458344,3382.887292692944,190.5403454879959,45.289756247083346
84.15738520118704,23.31566425196927,35.712212420706756,32.75098755099385,166.81117790652783,4764.667236612995,234.80379603803328,42.34699213684029
240.33013388025677,27.309213205571,28.625395666154795,30.40073950036,166.79149966652787,4318.762372621342,196.9864714611334,43.15768630010417
343.8079448335919,31.442612910130272,26.46228006798264,18.89126349996757,166.88209752875002,3655.834687583906,222.4161022412583,38.65710062416666
1127.6978005128194,26.283139974466756,30.3222001593135,31.922075565441336,166.92960921694447,2151.6611877937967,177.85616760466255,45.47531096642361
1126.5096210170022,40.84195546295324,30.652357001993053,28.808517263689748,166.89665442722224,3488.1970890389143,227.3225672601417,40.84188838750002
346.91863392951905,27.987802691611005,25.45926292974174,26.614481430985954,166.83784235097235,4693.725921327058,239.18444740017915,39.829916889756944
272.01868060473515,19.826203974773026,23.753975981260712,22.12906988732872,166.80814406013894,4664.900736233066,224.2876744660167,23.32206604347222
107.2162438144946,19.816715777480514,34.33819979939809,21.733081540050662,166.85059007383342,3688.134257954849,173.54027035560418,34.68006749165277
101.87773609966136,31.58457737336551,24.97445673438547,38.94060530452973,166.8440492113334,3943.839576983841,178.08194298690418,54.74776885361112
151.3489513337946,29.512316467321977,21.178993314204728,28.09257719805823,166.80232687166676,4214.061000231844,202.6563839917666,35.62584365309028
192.22068249876247,24.175848455454545,30.70757306477558,23.15716547337642,166.81398908277785,5261.420659318034,238.1488239511917,31.43458556638889
737.5228920042837,32.168810267940835,27.161108581880033,29.56820083700086,166.8184424475,4224.855878000089,260.9940728258667,51.18208249732638
753.5090913074166,28.93585330753516,25.881380788005867,22.844440627263737,166.80051769958342,4257.450037870587,244.0960849140249,30.44124414284723
206.55562919231352,37.180780640199444,34.17270129657723,23.55139542000779,166.78173012291668,1809.0118699539985,245.38866265472083,43.9501896475347
302.7578797279066,31.41389598177322,31.537759049554108,33.573093687816694,166.82470496513895,2557.1031912719836,282.41302247167914,55.197679608854166
423.3761893285759,26.551324232384754,33.125880239620095,29.56290337379272,166.94238477180556,2980.3010126276113,161.66377841255832,44.58602465440973
264.1676601992134,38.36134905848273,26.50494818780139,26.39480364831746,166.8945669108333,3566.8903349325215,221.90232046319167,36.96261434663195
55.754767728789204,25.613653811476762,19.53759107009711,23.911610704126787,166.77730461055566,2720.147331066709,194.88488402925,19.772123214166662
856.3663395288171,32.208436735760806,38.85826856343954,21.489803890248584,166.76324872638895,1551.5627764842407,195.85254226437914,52.890025378923625
884.3891029983793,33.00057755838327,30.828297014225303,33.54790095544833,166.81031507000006,3945.1067820022395,246.29666284172492,50.968436245763876
1077.892716659759,32.52830545845943,25.933741113358657,23.923786416740494,166.88554887152787,4439.411244502292,225.21304301969585,32.40128569749999
394.02244506943794,20.221505132837763,24.47831520699009,19.694067157080926,166.81777443472225,3199.1595056923493,225.15059542276245,19.244624332104163
689.6674967789837,20.760978549607568,24.050812882172515,31.75129679273235,166.83213649444457,3232.8858347201844,228.17825734725417,47.80034024947918
1126.5384095216702,31.547223213987998,23.897053995450637,29.36281079551269,166.83536517680557,4587.459150616649,245.16812161973334,37.95758729302085
480.5352241865838,35.52338929663578,34.10020630476216,31.672428865659562,166.89606991583344,4111.30304062968,217.27497978604165,48.9142960734375
174.76483587454564,25.16630824094,27.873990965493014,22.97183452134913,166.85418058458342,2674.734585250522,240.74595410973754,29.323481425104166
34.36863513516739,21.296536796134003,18.31105558106559,20.687165553944418,166.7606323783334,1173.9315172266715,171.7584300439125,11.333486726041668
34.36863513516739,28.797487723668187,36.485649625264784,40.07755522202713,166.6992317979167,820.1451383528671,74.83234138179375,65.07104110913194
63.973421893610805,30.433047096401868,34.315672355135575,35.54348684085985,166.7370574498612,2708.2829736886233,139.01251407122916,57.73040774287498
283.43341788312733,29.900760131002613,25.601999183765713,27.147040368315682,166.85771542513896,3909.272383469344,230.9061832952084,49.487484660729166
277.95372104132747,25.407439449279405,33.846293256611666,21.68768062492683,166.85969160791677,4869.653295549452,233.10641749020837,43.92902164243056
771.4488654335026,21.812220335213322,28.26890100417511,21.031134520750925,166.85930194083343,4786.09694761855,232.51465224645835,34.015980590590274
1231.9513171725107,19.485448048263677,24.3148112884771,19.473940510520823,166.8595802730557,4210.422017340648,228.81379756368753,29.51281515024305
426.2881906518189,28.96270367808008,27.64924024103224,22.534671938594315,166.800016701139,4183.736344018577,198.84147761619582,32.9761546188889
108.16259746341866,28.30500131748189,30.317142232129815,32.45055380880599,166.7741037630556,3823.05003398176,183.88668289593332,45.58735637038195
256.6123596361028,31.401344969530083,36.231693457689445,27.272703212348944,166.81334891444456,4392.388265315268,237.32477958332913,54.031459171875014
570.3280971023272,26.634622608444893,32.7097492890809,29.84719681322199,166.83138499541673,4480.767666319705,238.46883623693748,46.02564424350695
596.3361742149019,19.258200201612784,21.886707276645925,18.629823935875798,166.813070580139,2727.2798365766566,236.37024825922913,17.597264058090275
188.5779740375216,17.99989046376265,16.034516913283777,15.67910244801767,166.6988142955556,736.8238824500265,65.72356412981252,4.518818329145833
32.515916756776164,27.08833494590894,39.17768595285673,38.38911506751356,166.6997606329167,940.3476392658573,54.95731004800292,66.77616716895835
190.9012265389922,30.37064071763719,38.97137453458836,27.463875397964195,166.7178245375,2132.911959366283,104.01527826838333,58.40597110649998
798.3280332112215,25.887791941175433,29.38435922170246,20.23900636908951,166.76130037750008,3832.2595401074227,191.61535670134165,36.622350512812496
591.582121160862,20.207680654831478,20.268479020115226,21.06785524889664,166.72820641125003,2729.034257992124,159.23189266472087,16.72812778763889
116.66181590423164,29.246998380944408,40.983564879008625,41.970403101653176,166.6814740591111,592.0545592707725,35.21663979033042,71.35113370140274
1907.8966939475918,23.777640098572164,30.921146539602567,33.565864860807544,166.7104208415556,1609.5127186049071,104.31297865695831,45.02206743625001
2176.5495157571268,18.782184311368198,24.647204243517436,32.98257919509985,166.7940603429167,3427.4059922576757,182.45034321987916,38.01293367822915
839.3801220107378,19.169629101014323,25.483497844970895,21.87574511759317,166.75030616313893,2001.1858445699177,138.68297235542084,30.699199577249992
51.54466717704433,17.868359115906458,15.551395079672838,16.425230699421572,166.70760966338895,742.8200028368185,78.54540681238335,4.903077588395831
720.1032522597565,25.566257291971546,32.28757612497478,34.92002649848592,166.6984802950834,1139.0215097863593,62.5519116934529,53.25840166255554
1180.1296649304948,28.84344885016167,39.415757408504554,38.0072978809712,166.79314183916676,3253.496074351326,219.06858653710836,60.050528501979166
152.75221654891354,25.404715431887134,29.217428672330588,31.293058079650145,166.85632376486114,4458.799221816765,240.97834547193324,46.55325468645833
314.6032378757524,27.06021191075265,27.55591441949417,24.574606884896387,166.8606101083334,5095.211277736521,245.48812892251672,37.460459895625014
1749.833965908035,33.517225937431384,31.028150842720756,25.283344659417043,166.86723446847233,4531.547950169486,250.00602392408746,46.37206464621529
1639.0896974593732,26.029788970400702,20.947827640606928,23.044225138466317,166.82545646708343,3634.74583435261,243.5934463082833,24.316132586145834
564.2998588977919,33.03615679783436,35.17855070341359,32.52851966386145,166.8258461343056,4552.29490468836,257.8145442538917,44.34041722402776
966.0719916702731,23.44894047903884,29.907044570110934,28.044041582920862,166.85281674708338,3717.5904410635603,245.55395512216668,45.4968903402778
1030.035130430494,33.11868920857608,22.519158401515938,18.877870182178995,166.85200956972233,4768.252796801392,240.84366480936254,31.28844544857639
612.3481954229,26.732841980714515,30.425647896483007,17.030401930493063,166.77866845347228,4296.834130655921,216.63802118661667,29.946180554999987
249.00593956140645,20.806695103986055,24.42364329824138,19.980639370770326,166.74986082950008,3091.274925552741,179.8830006996875,25.414296072597214
204.09883117065138,19.09485861726943,23.767469513313156,36.71131042501992,166.7461311511667,3504.7074447589553,166.2625998231792,39.90993836402083
27.49940081082651,21.64905290617081,24.891515458560313,25.821771480127314,166.70769316430557,1940.7583063378036,102.81070008085835,30.528224007118045
27.49940081082651,17.39318541437935,16.263931203536668,16.59416408973125,166.6953072816667,835.2535010975606,77.33333622712418,4.750578704097222
552.5841594979693,26.851030572572483,32.57501134529962,31.915008172863676,166.71693386763891,2066.8118159250535,107.40590750595413,51.50642151916664
606.6870772673252,22.507249107743004,23.098302372736853,24.32359544493806,166.77440993000008,3943.0177775140132,193.14975872458749,38.33070476364581
363.3785981257135,32.631075302556454,29.229434568483686,22.969745710210567,166.74379313811113,3694.488550341522,167.62266014498752,39.24266510739583
393.1386512948003,29.504932726363542,31.732783589604953,32.24308608434221,166.77477176597233,3995.1591124965476,211.8018388618333,49.02864932048611
379.99446504424293,23.4185094886637,20.948526126924964,21.01016984754233,166.7630260584723,3369.39448346692,209.36651894728752,21.154025825347226
185.4480700000189,29.31178696016986,23.532081297274065,27.581874629307237,166.7427354699167,2167.18692829013,137.61622762787917,44.388135878048615
248.67467727514398,23.88128212631297,25.33853894328633,29.743389033080298,166.72508906283332,2122.2176149238962,123.1798707387975,33.727249274298615
79.26906675706054,19.51713107448651,36.216445550772946,24.207460488234677,166.74665998686115,1022.9347847149685,137.08238611484163,32.49659750221528
94.58634639975189,27.06111830920254,30.14596305615176,36.53494873869639,166.82105878263891,1664.1946909101375,224.19944832726665,57.964036703784686
317.9812526414714,23.866206375418,28.590911897186214,30.690017830968067,166.93801491527782,2419.7032136759344,149.67757741145834,45.8766384995139
736.8379191467187,30.28307382664716,31.445088570438784,20.99855353707221,166.95822200277775,2070.579755969004,114.29605964691666,37.83334030392362
1079.761175623935,35.08576687307865,29.4908160414311,26.28866030192605,166.95616232833333,1980.2150474413534,118.18748435745835,37.69064452052084
776.6033356313649,28.06561767611721,28.524226030663613,24.0580630388253,166.9582776636111,2115.312893040522,116.22281247741665,45.60778530857639
525.4072007346892,24.749463267314486,27.485758692377306,34.051919922154845,166.9620073497222,2726.5925708452896,136.95396691975003,41.13619756802083
1257.2386353185943,43.78155864514359,31.152712819628995,23.372729901541824,166.96245268555558,2794.943384555549,132.93476135150829,38.19517653913195
1728.8734909077104,33.159801339175,23.695801447138898,33.0986755317713,166.95841683916666,2451.815776535826,126.29665606541666,46.63178408052083
2971.3340016395005,22.63369848235198,33.769292112461116,29.95927217915612,166.9552159909722,2702.7724292074317,137.52778708225,40.377872600138886
2089.76364275463,38.83249073872417,27.970606448335126,26.2758362065494,166.9310287229167,3464.813466844678,173.235243646625,35.81629992184026
1956.9752002004598,38.428979539928754,32.73049282091076,21.743618905985784,166.8803718519445,4917.081472573377,243.76993064625,38.27509342895834
3343.0523845885896,36.00536526217227,24.726388057378394,34.700329158531915,166.90297261347223,4298.323608622447,233.55675282688753,41.468310742951374
4576.528126143924,26.84709876751416,22.00222904903615,26.64284431954044,166.91410598861114,3161.957498889885,214.17589444595828,33.645073350069445
2189.6550473561647,25.72208673420773,27.25205717786186,28.404643159818484,166.88181919583337,4251.825051704976,233.92889995920828,36.622601517534726
419.13715465643014,33.02817322554945,30.343303818795818,26.95108407975093,166.8211701162501,4789.8546527404815,246.27805552135408,45.523315484548604
288.4850958207406,30.100012006675165,25.10520231956591,27.481202739959457,166.81028723597234,5162.425693842545,242.5348874516792,37.1384984414236
75.08785167400293,22.31693045623076,31.338674807877954,22.633510449845552,166.8804831880556,4575.856338039688,244.22776635066666,41.84436356496528
526.6298938167162,21.473050015353188,25.682704263377104,29.64070500084059,166.88471386722233,4135.3513147599515,229.96633691403338,38.45314591767361
939.0877846600187,23.908341846478393,29.09425178793639,20.428949586715632,166.84249054266675,3562.761652536974,221.8848715713584,31.622692158402774
19381.819372486756,31.999554907556163,29.527146625346784,19.80687946035285,166.81145624841676,4232.366018848424,385.19715662600424,38.67317882829863
37720.41547075453,26.359795664861377,27.259987047320582,29.67033193889326,166.86706747327787,2151.5957419948722,824.3543593972249,39.86677264579166
42757.95190553408,28.40897346751,18.88230411229926,33.66843224080042,166.9752839013889,2241.4727908322243,652.7657129956499,39.72802320329862
37754.965925307486,35.793240154540875,34.65919680079448,33.43448121060177,166.9337007318334,4127.812597903786,819.0581943288836,52.9821647695139
1339.1958235444974,22.778294055923077,31.346263275770205,26.725639913308125,166.86667779638896,4463.655557027809,259.4259802176293,32.99373884270834
1442.022361161039,37.38822446821892,24.313064027396425,18.376117795031128,166.87519483736116,3957.145936330974,259.6986466443583,38.7978790148264
724.4894956606241,34.14870615812532,38.40959054814154,27.7375286312022,166.818052775139,4634.61956703866,257.6150799321667,50.46347194562499
1376.199207731139,33.663470328728565,31.9077786786807,37.57576174081376,166.89782342597226,4337.484687064366,238.45713447703338,47.02936747118054
1564.9117636504166,34.41719269208537,23.1802666984472,27.75927023136031,166.92638053513895,3494.7766630900114,209.948897407675,36.91205098243054
636.1362664652531,30.247840239777858,19.644034321925176,21.066134934918104,166.8356156775834,2806.4785022332994,276.8446096740499,19.943642626319452
215.00847286414051,23.39321493781784,33.23356566286905,22.014284558177916,166.7944221762501,2226.8837674729684,251.7254456697167,40.22107178503471
786.654645055062,25.45877190704865,32.83049121239921,31.80204375972417,166.83711868402787,3096.2979063722228,275.1503465414292,51.74983266472222
2827.156838379978,27.581190786067168,35.36322056507522,31.89582372779493,166.91666666291675,3725.542202860068,220.145595625875,44.7357415770139
2123.8082198816755,26.669837050543244,24.23373014863546,23.587197446980213,166.8795646859723,5022.648061409633,250.80039195870833,33.75741159201388
828.8415793123567,31.731331353542146,31.34151876115691,25.03997494176688,166.89445558166665,4144.086921478042,215.24270467175003,33.20905845548611
846.4387419103361,31.83796895739357,24.672433228872443,32.481114788300026,166.86818079916674,4682.154269345392,221.71759599662502,43.71261434520833
802.6742974290921,29.213499836378265,36.287422970893935,29.332054255729055,166.8938989084722,3695.1642189442755,215.56103725812503,52.19505103777777
953.4167973298962,31.74698292064647,29.838736173730798,25.874735045030885,166.95735916305557,2665.467037043145,129.42350223858335,38.21847110513889
882.6275987895299,21.04905057066595,25.77328349553172,30.45378167938096,166.91321532033336,2367.4206579247916,152.54102012866664,28.950196620416655
558.4744152560169,19.707372070532973,23.83759554492402,22.021783092584005,166.79656535000007,1551.6398931479155,175.83146745979582,18.502907464319446
30.687980270291703,32.01011964060908,27.21032335970816,33.532761940735476,166.72297372333335,1131.7500005243849,125.903592785775,54.86896195833334
30.687980270291703,29.21726179380611,32.997481325257304,35.05532563987351,166.80110220277786,3107.0321929339348,221.26210216791253,52.27833556527779
197.67549614373786,24.720382046411,30.648507470575993,28.048182940260507,166.90096860600002,3643.1460706322773,185.108304022625,36.30123968156944
214.6007485612973,21.025153739036487,22.82287935632192,24.04276851554063,166.81440659488896,2143.714018089778,187.70391954799996,21.43123187323612
65.7770382490108,17.35863079853546,16.649756407415385,19.45037450729839,166.70791583161116,647.1828156942777,69.47702040549584,6.28863370140972
26.246718648666004,13.621621621621621,13.631185930608112,13.722959459459595,166.66666666666666,11.957034160344646,0.0,0.3333333333333333
26.246718648666004,13.621621621621621,13.631185930608112,13.722959459459595,166.66666666666666,11.957034160344646,0.0,0.3333333333333333
54.17649709612325,29.468471813416375,37.84972463382293,33.061599996108846,166.71824203800006,1265.0477096635595,143.23080869322084,65.09010346894446
4878.130177284858,31.251398566750037,33.978414279492355,29.269773427990827,166.8326653323612,2628.4935952818764,285.9267287303125,54.22789770375001
4607.998226164298,26.637057203315162,23.19199933304941,25.12458913750762,166.87625250263898,2949.4373255701935,269.1779749254749,28.107576137847214
290.66452552343816,25.670597957182164,24.8109887676522,34.6276817110795,166.8366176798612,4272.194227198161,267.2194984040876,32.624679274340274
421.0164893952275,25.30995339734919,24.980926808750148,29.509122689104245,166.7894121548612,3171.678796649623,227.11777970157917,39.046268404791675
409.37879687156436,20.49158668048335,15.451559311931662,18.63484770976826,166.7645568925001,2186.2251696840444,200.29359396793328,12.251401439270833
431.1408388397298,32.69092622748168,35.84021541794646,27.61241215319928,166.785181477639,2034.131649384536,246.50943225306253,58.73572763256943
1267.600772666592,30.113612940802973,36.310432922927454,37.252864730492234,166.87369182500007,2851.563378811698,268.1401639539042,46.925918952430564
1265.152178282247,30.104874081538753,30.451534284232146,26.512808349295383,166.8719383258334,4365.731884636827,255.32370237021667,35.80708946760417
19255.88573557917,19.780039269953193,23.446715909665627,16.81510173426747,166.87463816605566,3556.2326025868542,474.011043526475,36.15431169161806
55504.97891545325,20.036179673618914,25.404280905080075,25.587450635307444,166.96373302694434,2485.5012762992446,412.7082048497501,32.98336401125001
14574.004293515787,37.62454237486838,29.389651310036232,28.693287444799648,166.96587620291666,2398.155428463929,383.8396059215834,41.44595744041667
3366.9268242041944,33.76768705541024,23.371358763503345,28.619097152118194,166.9583333359722,2363.125576674255,141.52843996429166,40.56282072743055
2086.81321432797,39.35932392397475,33.580860327058254,33.25315710902063,166.9589178402778,2739.3951752621874,138.16524872337502,44.222410475000004
2858.3860325735936,31.93241022934159,26.8502841567622,27.646480801344715,166.96120018055555,2786.6856352874584,142.8393282241917,36.99737142916668
2170.9692710773406,25.23166061860126,25.804929082232697,24.35206335015553,166.95991984138885,2552.8624014006155,132.2797894289167,35.84409164340278
1184.2535242495649,35.59572730945085,31.872930290763623,31.308692251851316,166.9541861501389,2395.761069694751,118.77629915758335,41.68989848163196
2166.8164260470003,31.57468449066527,26.70817117519111,25.38846445016305,166.91421732083342,3287.3780447647155,185.8307354786667,33.84616940024306
2952.0749269352077,27.241363828638786,32.61791857146854,31.3988493226177,166.9133544916666,3399.8537116744355,177.8750863610833,47.3702727576389
1985.2803426376377,27.464173729036563,30.869909142269535,30.183480214206593,166.93216989208338,3012.3558501759157,169.88318779479167,45.26426539458331
710.5268628305652,23.5058994135227,25.740646046974526,21.172276095839155,166.88190269708335,4333.920975384749,225.59053369223747,29.921184738645834
4672.347254473129,35.62487555088576,33.43812295840242,24.569193812827955,166.88905588930552,4346.780746019664,260.11616477676665,44.60324631895834
5071.819791675072,29.16907366875443,22.5553464865996,26.203351588582027,166.93158539166666,3895.908486708074,203.3948792410417,35.743027666319435
2021.2156158275138,29.178069449467944,24.737175667614277,24.60466781016195,166.9450289386112,3356.768050239274,160.79175456927916,44.79503430520833
1773.128568601774,36.002482936420485,30.63266437482533,26.473942454361882,166.96231352055554,2561.49523331132,126.50791100805417,35.85513582083334
1939.8112762491025,44.047365761928724,27.237720074642667,29.721694027221492,166.93954575361116,3090.921418368791,166.75000848075,40.21423890149304
1197.0340273847305,30.29178313300914,21.514482539273967,20.439871216038316,166.82119794888894,2292.2453276813435,246.64759689816262,21.52689229131945
281.57173315460534,20.603879164364056,29.49177315538515,28.281875579355024,166.76313738938896,1469.8233627066718,196.11953332963742,46.18839943088889
1012.1934929052513,28.477663471831704,32.101486749498555,30.48781484295327,166.84134936144451,2369.531327197663,227.19838983373333,51.83044678847223
1905.7252082785735,33.200045610748674,25.187826244438554,27.46928287553296,166.9592518395,2300.599750282498,127.88537963800002,36.215326584027785
1612.3987312538527,27.01230516856698,26.953558696788924,28.401594951803663,166.9647350253333,1997.4579707479227,111.12264832933333,35.46978190461111
1631.7141332869192,35.35226941953951,24.621214820622143,21.353028478907834,166.96637719944445,2218.415540454218,111.08341764775001,37.782832718576394
674.0574585985462,29.85878964773327,32.877983880356716,30.507831691336822,166.96637719902776,1740.4659460984806,85.50073739458333,38.32120147194444
45.15067254842746,18.386971069840108,31.193937798774286,21.034255759668195,166.9656256941111,1310.29108675432,59.69357460291666,32.90083946731945
385.8490307650899,34.03328052091099,22.427451058386676,27.07279681628962,166.96779670541667,1341.8523572456763,61.76946929074999,44.495063586979164
603.9427186218421,31.102261217293837,23.504444268584315,21.763088706872562,166.96896570958333,1337.5786607739499,63.10251589733335,37.92932145211805
581.6056899510813,44.83829017436459,34.31001938624119,32.30679889218398,166.96921620916666,1243.3685156324018,68.46123440383333,42.23148148142362
39.19015945948365,33.98816705489709,30.32375604466005,30.623270863057197,166.96941104861108,1372.8489202887383,67.835995867625,44.665439535763895
39.19015945948365,23.547727509368407,23.945487686470518,28.482280404933395,166.96952238472215,1326.4855132480154,66.32777484841667,34.90842536840278
39.19015945948365,28.195975953601106,26.734282128823533,20.229699293867785,166.96971721666668,1191.1604290365467,52.79515763266667,28.439717202083333
39.19015945948365,30.721581511842537,28.587936049498154,23.895139106188058,166.96907704444442,1112.743033748065,47.29318233241667,39.43609855902778
39.19015945948365,19.753282831834827,28.262115460689994,29.710809191928952,166.96838120555557,1196.3620665901128,52.76284665520834,40.74497294618057
39.19015945948365,31.50658352846181,27.991627898361607,31.6050283607825,166.96907704444442,1437.3888049855852,65.46832479629167,45.60278614375001
39.19015945948365,37.71133262360505,21.84916319680874,20.841859918489718,166.91048764583329,1699.9875109951038,158.44172909239165,30.42107318090278
39.19015945948365,26.202171537611868,17.788069027006088,21.21101526507275,166.7893286597223,1311.2457300649326,177.7284161087417,15.431266732638887
39.19015945948365,22.00274371155761,19.220989935676727,20.606183387707667,166.6685036739999,80.11703291246981,2.6884608167684996,0.6011755354444447
39.19015945948365,13.621621621621621,13.656167086486517,13.661695960810853,166.66666666666666,11.957034160344646,0.0,0.3333333333333333
217.099276366127,28.613217693580246,38.65255892635364,35.61897233195659,166.76249721986122,1548.368590084338,217.98712417854583,64.48673164864584
2320.5813034692787,32.36772554673617,32.40286289622512,30.669850318383077,166.88201402819448,2702.1334809880314,263.91163876822503,49.80959950937499
2042.9288776358164,38.40518289937041,21.59786539200803,23.839532915259234,166.90767646069455,2794.9916209022304,227.57331905775416,31.75396028541666
95.64055059424325,25.389280846812024,29.7101247518261,25.947992829854208,166.8279336452779,3046.0971355974425,244.0658655277083,25.861634037048606
33.81635405407112,19.1002717612859,22.177168308529424,21.390908371804937,166.70786016486116,1523.1398668678346,75.25257696673334,18.99691125621527
33.81635405407112,33.00870428284942,44.10265092869886,44.22381677347381,166.67312402622218,230.0010108910929,9.76369060683625,69.01555527659028
647.0791738713513,29.032568724176635,34.76861357272721,39.797074062441695,166.79110999472226,1962.0488496278397,208.56293866176247,60.484096106284724
1060.4510209870457,25.147133103001,31.243549548119915,33.51654926029445,166.9095691391666,2528.515623811808,184.52874356657503,48.03598421479167
409.9513785178838,19.783830442189675,22.00753843063479,22.407419557159475,166.84449454291675,2176.0491903390844,217.53881427924168,23.50512466545138
35.41473783786875,18.902744022782542,15.744268067468486,15.561443799021987,166.7272600731945,935.5483708400888,120.73168122248751,6.002021975833335
35.41473783786875,13.621621621621621,13.635178260472982,13.666805695945987,166.66666666666666,11.957034160344646,0.0,0.3333333333333333
150.62710209131734,28.120162324197132,35.487224161530555,33.71480133025861,166.76068804819454,2780.2690923163373,186.75828438876667,58.34755689416667
141.00558902766755,22.86187688504968,24.633408807430268,22.948668326471054,166.76068804819454,2899.6071969203754,186.69520781714166,27.792001338611104
63.61016308394242,31.95639376109087,31.37756762182643,34.51531477510522,166.72881874511114,1224.25610907493,129.45601622907915,38.77664825828472
385.9112552074622,27.87264796145543,31.437328682636867,31.11375579930157,166.74262413505565,3138.469059073997,187.8825823671792,47.318656570722204
355.10441465737296,22.419274478163025,20.605300648065462,20.280514815649084,166.74262413505565,3170.535209732758,187.62879780472085,18.151989904055558
143.91696830010164,29.472303783738106,38.12197558797393,40.5978465927136,166.7509185016667,1157.2570980678877,169.51349437808332,66.94927627185415
1284.9639459723976,26.08120374850903,30.60378352700222,36.0987597078071,166.86862614194453,2194.4007073503635,217.1116620757917,53.011385820659726
1670.8302864845487,21.217770681991542,19.768736948617548,25.262028546055152,166.8489200655556,2062.445782266472,228.4783183784166,23.783990126215272
778.2605527995028,28.899238777721383,21.378432702759923,19.869041754590114,166.76235805430565,2150.3045999637948,140.67326983513334,22.830893016437496
337.68126395189995,20.849786452264244,36.94287586635625,28.610324824823113,166.74443330644445,2298.365682147371,132.03018055145833,52.340249889305554
507.53136583032705,26.87909714144438,29.965753031099606,33.227734890888335,166.83898352152784,2225.821072349009,165.0660050840958,54.38266956597222
2079.582133632384,21.353375274815434,36.030209933471674,28.624523815750752,166.93615007305553,2105.121491074909,114.75994164045834,47.48842592569444
5051.673401455413,20.54546672883189,29.573003479672824,27.268059972426578,166.86330994977783,2993.237760021262,210.05842035970832,35.13194444472223
4065.115989716714,24.351586359902136,21.686590274543487,18.740310254410122,166.7496938308056,2070.812418026337,163.14568707071666,17.355317101347215
521.2610966197404,16.611928248816106,17.904472581295522,16.14708473341749,166.6968659548889,819.0421031111064,55.78839500115834,6.591323628131942
239.1530645011675,29.76475639320564,37.724023699025025,40.050169175587655,166.72867957500003,1209.6019275453252,151.60840977784582,68.15859270350694
324.1308499197665,32.965946782175266,30.40764642486921,29.749330811110593,166.81579826444448,3625.7630538559315,254.21014434654583,53.90703090291667
1211.65993722827,34.42509823221492,39.49107367103162,24.28976768926625,166.9266867079167,4401.95294656662,211.68665592445834,45.779904340624995
1818.9151909028085,28.303685131442435,28.86501468388478,22.133442402543064,166.95538298638888,3181.01112563678,151.88660806016665,36.14872685024305
1869.3398729680189,28.579493594849996,19.63155276375677,19.628075691559584,166.88969606680553,3896.657990168395,229.044890385875,31.114297468194447
1133.2063784685542,32.221101774405916,32.40370416695398,26.801329831681766,166.85877310708344,4759.743794444857,227.72347001372088,33.82822958590279
752.5424753777756,21.600982763028053,30.32595165334339,30.674142450910665,166.85632375652784,4197.63892927294,201.46219209489163,36.12639446708334
632.020338210981,29.343316972815806,31.634100222722036,31.07951769208856,166.87037964986118,3318.7808592756896,207.56695855754165,54.05361027423613
750.3047319363243,34.32432293394563,21.98342631062163,31.072676208061768,166.93779224916673,3226.614063934295,175.9297691024375,42.31749219041665
1383.7615198673066,36.09951266379092,35.05123437518863,30.871645573419926,166.96465152638885,2726.9023992024036,131.13487457830004,43.48731035104168
2249.670876268386,40.871686774228486,32.64371720359039,27.044088802691373,166.96328769027775,2752.5993459931397,131.61917794304168,44.292593986458336
3392.0603175892734,35.075648206424304,26.178343835285986,15.976760682460853,166.87597417208343,2468.3796205801814,265.0830885833417,27.950663765937488
1782.1812137432971,36.964835322111696,28.79312598539776,35.545593351016194,166.85743709500014,3372.0817583802323,252.446679226925,50.10936105454861
1883.776748055138,25.582883283973242,27.269747395733912,24.798717138029733,166.83558784041674,2528.7700420466317,263.17235983458744,39.305130243437496
1277.400331374154,39.05366992589838,17.22015270649781,18.371009848662602,166.84705522125006,3896.5775229068977,264.9162228832376,24.748633422361106
89.82805982977703,26.773788201198485,33.12313789956489,35.30586073885332,166.85006123550005,2751.3819722844055,197.76012894477503,48.787301986548634
109.06027478905405,21.47530091233662,25.001542168877855,24.806733201848843,166.88663437750006,3126.942500983416,181.29447918209584,27.800633088368055
106.36711983416134,24.920809633076672,18.749195958893345,16.457825772389352,166.77257292227782,2002.7707272054402,138.62823689551666,18.204840194194443
403.70405230628927,29.13200199599911,33.758914766367226,32.38725477459644,166.75386884763896,2995.227269167912,150.12970643387916,44.90153670222222
2944.976858405014,32.616720259689394,33.740721744607214,39.24238289301318,166.79745601819454,3801.509567647904,247.25037228717497,62.11769996753472
4255.149231960109,28.897394251055943,26.98969817769645,33.130656627031385,166.84680472305567,3707.6481830678927,257.06948064191664,42.31468931350695
2171.867267241249,27.312267060201567,16.204972306411378,23.50856892370025,166.81504675916676,1937.7506530622743,265.2946968764375,14.767988623229172
293.6336693278539,28.692879028159165,23.756246642091853,35.80427497437562,166.73711312116677,1838.236955448812,107.43763343927914,44.82421352159029
807.2860138578731,23.044139274557246,34.27124169226033,28.230335797686266,166.78253729811118,3046.260500013992,179.43844226304168,51.325991465138905
598.1112443048241,19.045917097887536,23.443120203603183,23.96085525509496,166.77243375630562,2952.039232849814,175.9236676198333,24.725952420694444
353.04772770186753,30.71188415758081,21.417749471869328,33.88145692250848,166.77463259805558,1583.01551486524,208.49852271962916,43.30623884482638
445.1843409358485,28.425416941745947,29.100899196299736,29.8467117643938,166.81309841500004,2862.001333353563,250.41829595109164,44.83382837128474
198.6832795292784,28.625818046565133,31.033216988750155,19.22114629023441,166.83923402055564,3307.1589878306145,252.98659041404585,31.28844544729166
199.7185746194275,25.461081482827918,30.043425749796725,32.776175982992235,166.77104208347228,3645.5382455232384,184.71852848616666,42.4439772979861
550.2921211218727,19.72854547037173,25.088759961873222,22.920899923783658,166.79745602541675,4238.376230857905,215.19316144238744,24.35035977190973
9283.44102524703,27.468209366115655,37.91048284699618,28.147995700782495,166.75414717613893,2861.91195150025,197.3822070581083,54.96733461573612
27916.351754274165,29.225651537559646,32.16302134288259,32.06588365450753,166.80892339736118,3209.830559616886,354.8745790793333,56.38789881902781
28683.956996489513,25.077885183279733,21.508261547973092,26.892189679844197,166.89281341041666,4254.608488229351,339.58194155638336,36.72602911645833
850.1842910663746,25.131124963974756,17.91224340689216,23.437785251628867,166.82256179083342,2366.208686798175,265.96440201301255,17.93317715315973
186.22067733976212,27.13297048373211,37.48655987878166,35.71192001620019,166.79784569222227,2515.115795290727,244.33515748796654,56.51359605104167
421.2153136197631,21.338735911137377,36.44868583518394,29.155376312309198,166.82306279263898,4335.317394521656,247.30025093662496,42.530761937013885
288.6462352045937,21.763378499821382,25.559837773967782,20.18543239883592,166.7897461525556,2773.262120000804,217.2918357230667,17.99412929472222
213.65790395599888,16.74689089186673,25.258389268956428,23.27918942672014,166.76027054505562,1600.6197176308035,114.05574697800832,36.42034108677083
34.62273513515473,26.05259021346916,34.866628572195424,28.441230823730724,166.8334446666668,1143.2821841104042,146.60314599383332,52.90806280694445
34.62273513515473,20.743977318874165,28.852608598359126,17.72226328160182,166.86921064861124,1336.81995350467,134.33776685262498,25.459190930555568
34.62273513515473,19.445857433439677,20.266676440234253,20.615287554589546,166.76238588555563,760.8705466451864,129.79949244394996,13.410398538541672
83.44720477743995,30.129978866630708,35.16514969731176,39.290669714180055,166.78609997555563,1621.1263174252997,206.42341939243337,67.12510458482639
78.66403310835884,26.066326609565134,28.973671124316308,29.14584317232294,166.85955243569455,2288.8531290709884,225.29834017701668,42.88759203506943
322.4878067438757,27.176132868057298,22.054708993902615,23.095790471531,166.8629481208335,3669.179323067509,227.1022251585083,23.704470660625
365.1681487953,19.94714030628514,19.02770895974756,20.671223749929013,166.74518480877782,2281.6879154242665,130.61409846893332,18.472096721631942
38.10780810813152,16.2230815939164,15.84634009536156,15.661417156674293,166.6744321983889,211.8168413529704,10.342475661810415,1.4534038935000002
38.10780810813152,13.621621621621621,13.649902573648678,13.682194070270338,166.66666666666666,11.957034160344646,0.0,0.3333333333333333
297.3480199279621,26.267183002480866,36.73362202825926,37.80415862272746,166.71145067897228,1386.0102322046512,78.05084984408748,59.01523454922223
471.001696173452,21.1659734729379,37.807936297209004,33.45346756710785,166.76074371252787,2447.8399812934176,135.60602618456667,58.62527192045833
256.9850272116187,16.807792191363536,27.506990143115328,22.422328931506428,166.74835782286115,2323.632209335609,115.21515262921667,32.48659917453473
172.10739067832702,16.768178612611866,18.095256354893117,16.993917483966243,166.71891004202783,1019.506050119807,82.4727425165875,9.350541052729172
31.536208108130477,13.621621621621621,13.636092081148657,13.6694002648649,166.66666666666666,11.957034160344646,0.0,0.3333333333333333
31.536208108130477,13.621621621621621,13.636092081148657,13.6694002648649,166.66666666666666,11.957034160344646,0.0,0.3333333333333333
2898.5147896194408,29.175407900071814,36.29165386470309,37.20299429256348,166.7657258966667,2044.1854459925592,219.84437205759158,62.88356202611111
3489.596328649945,30.35986697106246,27.058187702360225,26.892318565294833,166.8446337133334,3652.7933379698216,238.43275849868755,42.19230393902778
349.8142000144562,27.07585821467843,20.723073142201006,18.514154472552644,166.85832776791673,4010.998105790604,193.56064964088327,29.473651550173614
228.9026344577568,20.886160998347677,27.379839282964124,22.48347668752042,166.81616009916672,3348.0699044645285,171.99790199750836,25.834183958763884
37.725210810846185,17.520725528625864,21.77417339672987,18.949449457982077,166.74062012527784,1719.9261223083745,114.4459881324625,14.734653894479164
105.87579437248405,29.19581515231968,37.75454825739977,39.65063543137681,166.71740703572223,892.4366699634251,79.59636080025834,56.01666387764581
134.44709291246542,23.14770575920992,30.244857385343273,29.06590333117099,166.7013471396112,1247.8266678798086,63.22590989735833,39.91193942465972
97.66224664628567,17.594144597244217,19.20124723435658,18.055539769350638,166.71156201266666,1408.958133102852,76.31615447525833,21.8520540493125
36.03664054056596,23.889877424870836,31.71858469239272,32.028546060873865,166.70449231791676,1206.6156211070281,59.738604338587514,45.79465082583336
36.03664054056596,18.462631227118496,20.866575650816127,21.213623306644145,166.70449231791676,1207.0437594590787,59.73840563337918,16.62798415916666
36.03664054056596,13.621621621621621,13.652908146621654,13.640471071621636,166.66666666666666,11.957034160344646,0.0,0.3333333333333333
20902.221982362564,29.183791788558405,39.24535582926969,35.65242407431546,166.77301826266674,2518.0890905212573,281.16452255676245,63.725373717048605
19772.717642250238,23.927851608361028,28.429293650128457,24.77744138772573,166.78782565294452,2951.0768235997425,277.2555415229959,33.916875835451386
227.0182943340892,17.28939394490173,18.725483612576884,16.337875836093154,166.7273435732778,1420.557533934486,130.97195545019164,9.67908439238889
483.2523457597783,25.429642165124136,35.529429419936,31.876019192034242,166.69653195374997,1389.3419603403338,70.35277118869998,50.157212182333325
410.4906371952865,26.6900557496991,37.041359563613725,31.12428492935092,166.76683924083346,3168.0916174124886,161.9106147290333,46.33197372673611
201.63282578672704,20.501654725018486,26.185790604877585,22.928769451906543,166.7476619843056,2337.6783848104383,125.02704370178333,26.0908983170486
108.39099836486484,26.582810220249478,28.406149449205248,32.9889227084368,166.81443442486122,3882.7948798226644,212.8102341134459,51.96253765236113
61.591818531157564,30.792118346264537,32.117248092739445,37.68627800555434,166.8159930979167,4667.536718495618,229.14717410162498,42.87613649232637
291.8873598664293,32.50944829511627,21.32166073216904,30.467439800581527,166.86556446250006,4248.206099353226,240.0490285715792,40.71889642020834
304.3761379650488,33.3182317037066,34.07800950698831,25.800705685951648,166.9206190152778,4282.140305992323,200.21132891524587,45.497308680208356
364.6982784899484,30.58528216049463,31.021384707010224,32.315019124523566,166.94558561388897,3333.998015353163,155.50298902255,44.920348059027766
1125.7977197041891,38.311818171067756,20.20060621557626,28.688184379747867,166.96306502361108,2552.0622741986044,123.77462373000002,38.16428212881945
1670.8444041409434,27.24058504038886,29.37995762490226,25.50846480204659,166.9620630175,2591.773931825436,124.94988494670832,39.972968262430555
1148.6737610995053,29.27595120341376,26.84116871350482,30.203815621740247,166.96220218402775,2461.4873075992614,124.09618914145835,43.799378068125
967.9235664958921,32.43067440542461,27.242921957219536,32.27802395557724,166.96353818958332,2278.0148822346105,117.13306667314164,40.24782463267361
960.3325685304727,28.975339150067697,32.261335278701374,28.32550768896552,166.96253618333333,2388.0220243895474,127.1804985724,40.796442714930556
98275.29424797103,32.132141257488925,29.840139796098885,21.555348043483033,166.90723112472227,4166.664527594919,760.8581515596248,39.95880745131946
101426.25148986725,34.706277391080675,21.70217579404924,24.112953574061702,166.90522712541667,4220.6609419028755,779.4592005772917,28.97216644493055
22399.1601714084,27.95474436985995,31.680532058735608,25.756973319990756,166.86550879791673,4789.866208249101,560.7484534318374,42.08359131003473
588.3033207153243,33.76146949588183,35.24501499940356,28.35112269122738,166.83800935180565,4331.259567653225,261.8619163210708,47.587021698194434
650.7450271040742,23.903715750464407,32.805832275510056,26.11876287985797,166.829158313889,4351.460627176327,244.7609848264584,35.96686049652778
879.0676238678784,21.586652151165058,32.05716005692535,27.410121462386403,166.90130260388895,3859.942720265277,208.26043083316665,42.1244701038889
1205.6052179770106,24.643911487269026,24.315283627899362,25.015653631536388,166.81813627083343,2948.8353267474768,229.4316577938042,32.5920138886111
891.1204876257298,21.87605368666565,21.70785268286262,18.631201895199712,166.7822311327778,2842.13449623488,207.7261438470125,18.460961901423612
608.2950430893757,19.407361214856756,21.841994027153977,21.61618746265547,166.70248831016667,1252.9210334041957,68.44446414528751,19.85332301445139
28.01160783785456,13.621621621621621,13.630951347081085,13.637750229324336,166.66666666666666,11.957034160344646,0.0,0.3333333333333333
28.01160783785456,32.89848930064838,38.891862473858176,43.091818918697214,166.67885771544445,349.10699635763973,18.343393635325,68.40947121802084
909.3404545446001,24.055684713719106,31.988892474452438,31.291073033695746,166.7004843027778,1335.9343197244982,75.08642761129165,46.76604334031945
25327.39381809632,31.762529487364088,22.526185455801183,31.678590829263737,166.81849810688894,3267.919379696324,358.9234768325834,46.581429886493055
38915.27028367696,25.897671138086924,31.666301084913854,29.222146094727478,166.84903139800008,2062.2547153302885,688.1620741889416,40.935938197631934
29657.722633794518,32.677037047514915,31.04327272109071,34.50192405053192,166.86314295236122,3255.92871477636,631.58761391915,45.067917502881926
29883.35364969098,23.44293633413911,24.71743380025682,25.930318694087383,166.74009129466674,2502.083531086473,615.8967386273875,33.536548974513885
183.5364603814673,20.484884167097082,18.433225525179058,16.106713614037474,166.7234190578611,935.4161260910711,133.25159431460827,7.7855379849513895
946.9107675941079,28.36536910712224,36.99266120112307,37.96649591291385,166.77939212152785,1824.1125650000868,216.95284073871244,61.91500725149305
1772.8226726308435,25.664486004779086,31.81378546677512,34.20675740574351,166.89092073444442,2478.966552995476,217.26486713600002,44.35429914173611
2313.6703290102832,43.972044309204115,34.80724225431984,26.123497664462164,166.92646404263888,2958.1294139661795,160.36097667316668,47.8221148479861
1548.67691147984,33.539345564649594,25.169800046098118,20.601312441334784,166.9263805351389,3283.699882055237,157.94175538666664,35.00616354354167
396.55161006798943,25.640905494614774,28.123553511776393,29.130234030626255,166.9238476954167,3153.316684612169,148.06076818991662,38.734946731319425
