,mean,std,min,max
F0finEnv_max,94.83851592592592,52.32099990563285,0.0,138.6021
F0finEnv_min,67.06493666666665,45.93547104242839,0.0,114.4566
F0finEnv_range,27.77358133333334,27.065557298946818,0.0,111.8119
F0finEnv_maxPos,194.0,178.84845325238132,0.0,464.0
F0finEnv_minPos,100.07407407407408,141.35713797272658,0.0,432.0
F0finEnv_maxameandist,13.489226481481479,15.783704652299392,0.0,74.32555
F0finEnv_minameandist,14.284352962962963,14.29694863514678,0.0,64.21657
F0finEnv_linregc1,0.021815980440740738,0.06636811784324817,-0.07030431,0.2493742
F0finEnv_linregc2,75.9062048888889,53.39382753407921,-27.49226,133.6896
F0finEnv_linregerrA,5.564192207407406,4.963261428212997,0.0,18.5623
F0finEnv_linregerrQ,76.96367155555554,114.80285384371578,0.0,477.136
F0finEnv_qregc1,-1.6566123888888887e-05,0.0003117645322786178,-0.0008778819,0.0008991389
F0finEnv_qregc2,0.030082469518518517,0.17271320890693131,-0.2397928,0.6874373
F0finEnv_qregc3,75.22008544444444,53.72925353982306,-34.36153,136.329
F0finEnv_qregerrA,2115.129996296296,1593.3415812198684,0.0,5588.396
F0finEnv_qregerrQ,22184.996129629635,24835.157235497827,0.0,104772.6
F0finEnv_centroid,0.4091104925925926,0.23452813760928384,0.0,0.8524625
F0finEnv_variance,175.24511562962968,404.0425608860458,0.0,1772.704
F0finEnv_stddev,9.031630481481482,9.862941953940844,0.0,42.10349
F0finEnv_skewness,-0.17984352185185185,0.94822554498478,-2.375279,2.017753
F0finEnv_kurtosis,2.42555262962963,2.5435643953676825,0.0,11.15905
F0finEnv_quartile1,73.6667722222222,49.239934928612044,0.0,114.5503
F0finEnv_quartile2,81.58999555555555,49.70948099624993,0.0,116.7467
F0finEnv_quartile3,88.85105444444444,49.892029411499756,0.0,130.5405
F0finEnv_upleveltime25,0.5205185185185185,0.3579998249215698,0.0,0.97
F0finEnv_downleveltime25,0.47948148148148156,0.3579998249215698,0.03,1.0
F0finEnv_upleveltime50,0.4291851851851852,0.31480995940616385,0.0,0.968
F0finEnv_downleveltime50,0.5708148148148148,0.31480995940616385,0.032,1.0
F0finEnv_upleveltime75,0.2697777777777778,0.2191362999338949,0.0,0.696
F0finEnv_downleveltime75,0.7302222222222222,0.2191362999338949,0.304,1.0
F0finEnv_upleveltime90,0.14177777777777778,0.1432827579227477,0.0,0.562
F0finEnv_downleveltime90,0.8582222222222221,0.1432827579227477,0.438,1.0
F0finEnv_risetime,0.033325911407407406,0.02774691560760289,0.0,0.09819639
F0finEnv_falltime,0.03006012148148148,0.024955889538185456,0.0,0.0741483
F0finEnv_leftctime,0.033987802962962964,0.02775114236710568,0.0,0.09638554
F0finEnv_rightctime,0.04023501333333333,0.030709316201943816,0.0,0.1004016
F0finEnv_duration,500.0,0.0,500.0,500.0
jitterLocal_max,0.4562314111111111,0.2539924552157638,0.0,0.6494594
jitterLocal_min,0.0002787944674074074,0.00026660509018216805,0.0,0.0008678712
jitterLocal_range,0.4559526222222223,0.2538217239578073,0.0,0.6488218
jitterLocal_maxPos,214.37037037037038,180.50104371063006,0.0,498.0
jitterLocal_minPos,146.44444444444446,147.0858810704019,0.0,437.0
jitterLocal_maxameandist,0.3685387481481481,0.2053678238351886,0.0,0.5314972
jitterLocal_minameandist,0.08741387111111111,0.05205698332188372,0.0,0.1643215
jitterLocal_linregc1,3.683341544444444e-05,0.0001336964398007481,-0.000219943,0.0003763835
jitterLocal_linregc2,0.07850273129629629,0.061397063795501805,-0.04056273,0.1645455
jitterLocal_linregerrA,0.06830637,0.038801398631344165,0.0,0.1117333
jitterLocal_linregerrQ,0.01009340737037037,0.0059953158756306585,0.0,0.01982697
jitterLocal_qregc1,1.7178192814814815e-07,7.07907088249173e-07,-1.09948e-06,1.798476e-06
jitterLocal_qregc2,-4.888579037037037e-05,0.0003537732560823791,-0.0007750773,0.0005249814
jitterLocal_qregc3,0.08561742703703705,0.0687755753182978,-0.02008689,0.2019368
jitterLocal_qregerrA,33.63315111111111,19.261782651993784,0.0,52.98375
jitterLocal_qregerrQ,4.957802148148149,2.9464863142435584,0.0,9.351948
jitterLocal_centroid,0.4113086851851851,0.23860362978640748,0.0,0.8547136
jitterLocal_variance,0.010480267407407408,0.006123339458516703,0.0,0.02089225
jitterLocal_stddev,0.08990520444444441,0.04989517437615735,0.0,0.1445415
jitterLocal_skewness,1.1793092222222223,0.7595897643462824,0.0,3.388005
jitterLocal_kurtosis,4.2376536666666675,3.1287593323636473,0.0,15.50666
jitterLocal_quartile1,0.019077751111111114,0.014048253721828625,0.0,0.04369837
jitterLocal_quartile2,0.05754120259259259,0.03897604227851293,0.0,0.1314431
jitterLocal_quartile3,0.13290525703703707,0.08220143888722006,0.0,0.2579046
jitterLocal_upleveltime25,0.23148148148148148,0.13604025715556248,0.0,0.414
jitterLocal_downleveltime25,0.7685185185185185,0.13604025715556248,0.586,1.0
jitterLocal_upleveltime50,0.06822222222222223,0.04526956299030656,0.0,0.158
jitterLocal_downleveltime50,0.9317777777777778,0.04526956299030655,0.842,1.0
jitterLocal_upleveltime75,0.01881481481481482,0.015071718387652257,0.0,0.05
jitterLocal_downleveltime75,0.981185185185185,0.015071718387652271,0.95,1.0
jitterLocal_upleveltime90,0.007481481481481482,0.006290226670554216,0.0,0.024
jitterLocal_downleveltime90,0.9925185185185185,0.00629022667055422,0.976,1.0
jitterLocal_risetime,0.1956505588888889,0.11779952169271979,0.0,0.3026052
jitterLocal_falltime,0.1968381255555556,0.11917379764641582,0.0,0.3126253
jitterLocal_leftctime,0.3004610992592593,0.179117180295448,0.0,0.4497992
jitterLocal_rightctime,0.2825375562962963,0.168283315049207,0.0,0.439759
jitterLocal_duration,500.0,0.0,500.0,500.0
jitterDDP_max,0.411409637037037,0.23230606447680371,0.0,0.627219
jitterDDP_min,0.00011805481002222224,0.00013941740131334106,0.0,0.000446832
jitterDDP_range,0.4112915814814815,0.2322377359233753,0.0,0.6271486
jitterDDP_maxPos,175.03703703703704,163.6354958393059,0.0,465.0
jitterDDP_minPos,160.92592592592592,147.82315992322248,0.0,453.0
jitterDDP_maxameandist,0.3451269666666667,0.19608975436973516,0.0,0.5323907
jitterDDP_minameandist,0.06616462555555556,0.039342914740963436,0.0,0.1235441
jitterDDP_linregc1,2.8239308814814817e-05,0.00011534277556609166,-0.0001567983,0.0002935025
jitterDDP_linregc2,0.05923697657407408,0.048124029687635156,-0.03980339,0.1292908
jitterDDP_linregerrA,0.05396873555555556,0.030702825599676468,0.0,0.09016933
jitterDDP_linregerrQ,0.006715976481481482,0.004119138633606492,0.0,0.01340363
jitterDDP_qregc1,1.2685570481481482e-07,5.700012484285376e-07,-1.126299e-06,1.317612e-06
jitterDDP_qregc2,-3.506168944444445e-05,0.00029157399768435537,-0.0004357767,0.0006630767
jitterDDP_qregc3,0.0644909585185185,0.05408657312512027,-0.0300162,0.1477619
jitterDDP_qregerrA,26.635238518518516,15.278941821324816,0.0,44.0888
jitterDDP_qregerrQ,3.3008782962962964,2.0288555103147687,0.0,6.52142
jitterDDP_centroid,0.4098615259259259,0.23894558483144812,0.0,0.8648652
jitterDDP_variance,0.006999489851851852,0.004248945394344611,0.0,0.01424467
jitterDDP_stddev,0.07330627259259259,0.04108779200190729,0.0,0.1193511
jitterDDP_skewness,1.3847824074074073,0.8467586972031943,0.0,3.184521
jitterDDP_kurtosis,5.192972962962963,3.462386548071714,0.0,13.91333
jitterDDP_quartile1,0.01409771851851852,0.010201524157623817,0.0,0.03367424
jitterDDP_quartile2,0.03901546037037037,0.02649970776710123,0.0,0.08309609
jitterDDP_quartile3,0.0929651548888889,0.05931992007671757,0.0,0.1802711
jitterDDP_upleveltime25,0.18385185185185188,0.11284560715478052,0.0,0.342
jitterDDP_downleveltime25,0.8161481481481482,0.11284560715478052,0.658,1.0
jitterDDP_upleveltime50,0.04970370370370371,0.03712641068525707,0.0,0.136
jitterDDP_downleveltime50,0.9502962962962965,0.03712641068525706,0.864,1.0
jitterDDP_upleveltime75,0.01088888888888889,0.009386296612752237,0.0,0.042
jitterDDP_downleveltime75,0.989111111111111,0.009386296612752244,0.958,1.0
jitterDDP_upleveltime90,0.00451851851851852,0.0034010221356162284,0.0,0.012
jitterDDP_downleveltime90,0.9954814814814815,0.003401022135616231,0.988,1.0
jitterDDP_risetime,0.19884212962962963,0.11976723701410877,0.0,0.3086172
jitterDDP_falltime,0.19349810999999997,0.11764887845347963,0.0,0.3026052
jitterDDP_leftctime,0.2965937822222222,0.17718870729381037,0.0,0.4497992
jitterDDP_rightctime,0.2861073896296296,0.17050579444610126,0.0,0.4417671
jitterDDP_duration,500.0,0.0,500.0,500.0
shimmerLocal_max,0.7777777777777778,0.42365927286816174,0.0,1.0
shimmerLocal_min,0.0010586863666666667,0.0011228118096391318,0.0,0.003251434
shimmerLocal_range,0.7767190962962964,0.4230837008745701,0.0,1.0
shimmerLocal_maxPos,53.7037037037037,72.36967852885883,0.0,348.0
shimmerLocal_minPos,203.22222222222223,172.9360338242779,0.0,483.0
shimmerLocal_maxameandist,0.5591689222222223,0.30876695790305786,0.0,0.9192259
shimmerLocal_minameandist,0.21755017407407407,0.12868374015901451,0.0,0.3424318
shimmerLocal_linregc1,5.582234148148148e-05,0.0002323565611132958,-0.0002828399,0.0007628252
shimmerLocal_linregc2,0.20468119070370372,0.14705401074242436,-0.07366746,0.3816376
shimmerLocal_linregerrA,0.15500057814814813,0.08919564219946666,0.0,0.2458777
shimmerLocal_linregerrQ,0.051256755555555554,0.030070412021988083,0.0,0.08740572
shimmerLocal_qregc1,1.6300469074074075e-07,1.8663052637236103e-06,-3.379578e-06,4.700755e-06
shimmerLocal_qregc2,-2.5516967407407404e-05,0.0009731955082694716,-0.002249198,0.001997528
shimmerLocal_qregc3,0.21143236022222223,0.17256717566190544,-0.03250202,0.492406
shimmerLocal_qregerrA,76.12807185185184,44.17597299247357,0.0,121.6877
shimmerLocal_qregerrQ,25.041469259259262,14.735473972714471,0.0,43.3877
shimmerLocal_centroid,0.40629459999999995,0.23212681946528876,0.0,0.818307
shimmerLocal_variance,0.052404794074074085,0.030109337873434172,0.0,0.0875166
shimmerLocal_stddev,0.20117332962962967,0.11132423078453804,0.0,0.295832
shimmerLocal_skewness,1.0130007740740739,0.752731921160604,0.0,3.550169
shimmerLocal_kurtosis,3.3414744074074076,3.192979027741265,0.0,16.73041
shimmerLocal_quartile1,0.06670148851851852,0.046176042073349584,0.0,0.1244112
shimmerLocal_quartile2,0.1540407703703704,0.09973846721221925,0.0,0.2694006
shimmerLocal_quartile3,0.31112939259259254,0.19080720154950193,0.0,0.5168056
shimmerLocal_upleveltime25,0.3244444444444444,0.1960088956641692,0.0,0.506
shimmerLocal_downleveltime25,0.6755555555555555,0.19600889566416924,0.494,1.0
shimmerLocal_upleveltime50,0.14570370370370372,0.0928484351447665,0.0,0.262
shimmerLocal_downleveltime50,0.8542962962962964,0.09284843514476647,0.738,1.0
shimmerLocal_upleveltime75,0.06637037037037039,0.04248452039195538,0.0,0.132
shimmerLocal_downleveltime75,0.9336296296296297,0.042484520391955376,0.868,1.0
shimmerLocal_upleveltime90,0.038,0.028120619316957276,0.0,0.09
shimmerLocal_downleveltime90,0.9619999999999999,0.02812061931695726,0.91,1.0
shimmerLocal_risetime,0.19587322962962958,0.11791282113338852,0.0,0.3126253
shimmerLocal_falltime,0.19617012185185187,0.1190765528322634,0.0,0.2985972
shimmerLocal_leftctime,0.29756061296296293,0.1768060048748321,0.0,0.4437751
shimmerLocal_rightctime,0.2849174525925926,0.16965594289841218,0.0,0.435743
shimmerLocal_duration,500.0,0.0,500.0,500.0
jitterLocal_de_max,0.10483908518518519,0.060056624368575985,0.0,0.1907928
jitterLocal_de_min,-0.11830042592592592,0.0670710095601875,-0.1877805,0.0
jitterLocal_de_range,0.22313947777777776,0.12522209553839297,0.0,0.3463059
jitterLocal_de_maxPos,238.33333333333334,182.62024489676344,0.0,482.0
jitterLocal_de_minPos,213.92592592592592,172.86943181442015,0.0,486.0
jitterLocal_de_maxameandist,0.10477013333333333,0.06002459803522861,0.0,0.1909084
jitterLocal_de_minameandist,0.11836934814814815,0.06711667142648728,0.0,0.1881247
jitterLocal_de_linregc1,5.675654881481482e-07,3.090950700701272e-06,-4.480557e-06,8.546779e-06
jitterLocal_de_linregc2,-7.266639185185187e-05,0.0008152439988041419,-0.00217582,0.001074366
jitterLocal_de_linregerrA,0.018522172,0.011162183544477252,0.0,0.03532685
jitterLocal_de_linregerrQ,0.0009953040037037038,0.000629111879116948,0.0,0.002353192
jitterLocal_de_qregc1,3.8571948111111105e-09,3.4708267779403406e-08,-5.202936e-08,7.294656e-08
jitterLocal_de_qregc2,-1.35717432962963e-06,1.7351958857973697e-05,-3.294972e-05,3.084327e-05
jitterLocal_de_qregc3,8.708706629629631e-05,0.0017848763576147537,-0.003740936,0.003224696
jitterLocal_de_qregerrA,9.26683462962963,5.579768357969333,0.0,17.67719
jitterLocal_de_qregerrQ,0.49744800370370373,0.314425304825153,0.0,1.176301
jitterLocal_de_centroid,0.4127729555555555,0.23957933958956915,0.0,0.8638675
jitterLocal_de_variance,0.000995502314814815,0.0006291708579562488,0.0,0.002353282
jitterLocal_de_stddev,0.027543898148148147,0.015682635122019766,0.0,0.04851063
jitterLocal_de_skewness,-0.21202240333333333,0.3354702946881847,-1.497171,0.1998944
jitterLocal_de_kurtosis,4.922945851851852,4.514398402797966,0.0,23.88198
jitterLocal_de_quartile1,-0.01106730585185185,0.00762277423769618,-0.02586531,0.0
jitterLocal_de_quartile2,0.00018977129555555557,0.0004119324011236564,-0.0003880501,0.001295463
jitterLocal_de_quartile3,0.011744442333333334,0.008021199221325952,0.0,0.02470847
jitterLocal_de_upleveltime25,0.7549629629629628,0.41159478593182863,0.0,0.99
jitterLocal_de_downleveltime25,0.24503703703703705,0.4115947859318286,0.01,1.0
jitterLocal_de_upleveltime50,0.5125925925925926,0.3277685932365252,0.0,0.964
jitterLocal_de_downleveltime50,0.48740740740740746,0.3277685932365252,0.036,1.0
jitterLocal_de_upleveltime75,0.036444444444444446,0.030505148787771916,0.0,0.104
jitterLocal_de_downleveltime75,0.9635555555555556,0.03050514878777191,0.896,1.0
jitterLocal_de_upleveltime90,0.00562962962962963,0.0057388564134741105,0.0,0.02
jitterLocal_de_downleveltime90,0.9943703703703705,0.005738856413474116,0.98,1.0
jitterLocal_de_risetime,0.36153789259259267,0.21181481547813794,0.0,0.5230461
jitterLocal_de_falltime,0.3413493740740741,0.1993064037542265,0.0,0.4769539
jitterLocal_de_leftctime,0.3650899814814815,0.21099853622422093,0.0,0.5080321
jitterLocal_de_rightctime,0.3677673555555555,0.21385502096686787,0.0,0.5200803
jitterLocal_de_duration,500.0,0.0,500.0,500.0
jitterDDP_de_max,0.09532127444444444,0.059244311086520195,0.0,0.185694
jitterDDP_de_min,-0.10924673185185185,0.06583010856451582,-0.1854801,0.0
jitterDDP_de_range,0.20456799259259256,0.12257148432711207,0.0,0.3697974
jitterDDP_de_maxPos,228.85185185185185,183.04932158042578,0.0,498.0
jitterDDP_de_minPos,173.8148148148148,162.90559725876093,0.0,469.0
jitterDDP_de_maxameandist,0.09526873555555555,0.05924732650256818,0.0,0.185829
jitterDDP_de_minameandist,0.10929926407407405,0.06583381899966882,0.0,0.1854829
jitterDDP_de_linregc1,3.3560556074074075e-07,2.096814398732728e-06,-3.049027e-06,5.166019e-06
jitterDDP_de_linregc2,-3.120062814814813e-05,0.0005210830806064831,-0.001388567,0.0007722726
jitterDDP_de_linregerrA,0.014737481148148147,0.00887039934477301,0.0,0.0273387
jitterDDP_de_linregerrQ,0.0006699099555555555,0.0004338149903805364,0.0,0.001467258
jitterDDP_de_qregc1,2.8947940740740736e-09,2.725315005486765e-08,-3.407302e-08,9.150256e-08
jitterDDP_de_qregc2,-1.1088971481481483e-06,1.3075296398152901e-05,-4.049376e-05,1.914236e-05
jitterDDP_de_qregc3,8.869311255555557e-05,0.001250362608043248,-0.002365105,0.003115261
jitterDDP_de_qregerrA,7.372661666666667,4.432828282573823,0.0,13.67187
jitterDDP_de_qregerrQ,0.3348293555555555,0.21683090310297867,0.0,0.7335283
jitterDDP_de_centroid,0.4135761259259259,0.24089297171835716,0.0,0.8755142
jitterDDP_de_variance,0.0006700004962962962,0.0004338412695867229,0.0,0.001467269
jitterDDP_de_stddev,0.022548918518518517,0.012952223891550202,0.0,0.03830494
jitterDDP_de_skewness,-0.2462965203703704,0.5679886988093881,-2.494546,0.3197271
jitterDDP_de_kurtosis,6.302709444444445,5.932073752467372,0.0,30.62658
jitterDDP_de_quartile1,-0.008906452703703703,0.006017593793134657,-0.01863372,0.0
jitterDDP_de_quartile2,9.534307037037036e-05,0.00020982241598077614,-0.000174584,0.0005862861
jitterDDP_de_quartile3,0.009151654629629628,0.006194380558698275,0.0,0.02127796
jitterDDP_de_upleveltime25,0.7614074074074073,0.41489268855927436,0.0,0.994
jitterDDP_de_downleveltime25,0.23859259259259252,0.41489268855927436,0.006,1.0
jitterDDP_de_upleveltime50,0.47192592592592597,0.3273772143198736,0.0,0.976
jitterDDP_de_downleveltime50,0.5280740740740741,0.32737721431987366,0.024,1.0
jitterDDP_de_upleveltime75,0.03311111111111112,0.030761281024307332,0.0,0.122
jitterDDP_de_downleveltime75,0.9668888888888888,0.03076128102430733,0.878,1.0
jitterDDP_de_upleveltime90,0.0054074074074074085,0.005315139908855857,0.0,0.016
jitterDDP_de_downleveltime90,0.9945925925925926,0.005315139908855862,0.984,1.0
jitterDDP_de_risetime,0.35493208888888894,0.2076218187558652,0.0,0.501002
jitterDDP_de_falltime,0.3476582814814814,0.20394989678164366,0.0,0.5130261
jitterDDP_de_leftctime,0.3641231518518518,0.21077200735417764,0.0,0.5080321
jitterDDP_de_rightctime,0.3684367111111112,0.2143328682171914,0.0,0.5301205
jitterDDP_de_duration,500.0,0.0,500.0,500.0
shimmerLocal_de_max,0.21135947407407404,0.11543298015544175,0.0,0.2853911
shimmerLocal_de_min,-0.20661409629629635,0.11376824984263635,-0.2893682,0.0
shimmerLocal_de_range,0.41797355185185187,0.22840723543293048,0.0,0.5688617
shimmerLocal_de_maxPos,207.22222222222223,170.50520707892073,0.0,492.0
shimmerLocal_de_minPos,195.77777777777777,170.29416479757185,0.0,486.0
shimmerLocal_de_maxameandist,0.21122576296296294,0.11536171568678481,0.0,0.2853827
shimmerLocal_de_minameandist,0.20674780370370371,0.11383426062148588,0.0,0.2894634
shimmerLocal_de_linregc1,-4.379922962962963e-07,6.3701401067766934e-06,-9.60812e-06,2.10212e-05
shimmerLocal_de_linregc2,0.00024299697777777781,0.0014363891432301302,-0.004451988,0.002325426
shimmerLocal_de_linregerrA,0.04308537851851851,0.02568468349968259,0.0,0.07020427
shimmerLocal_de_linregerrQ,0.004935757185185186,0.003018297837633261,0.0,0.008945035
shimmerLocal_de_qregc1,9.361172703703704e-09,5.801382101001757e-08,-7.507292e-08,1.598108e-07
shimmerLocal_de_qregc2,-5.109217081481481e-06,2.5836643891872493e-05,-7.272488e-05,3.951519e-05
shimmerLocal_de_qregc3,0.000630708611111111,0.002297932046108641,-0.004305782,0.006293112
shimmerLocal_de_qregerrA,21.55148159259259,12.838981713839843,0.0,35.10123
shimmerLocal_de_qregerrQ,2.4673007407407406,1.5089229434408504,0.0,4.472466
shimmerLocal_de_centroid,0.4060054074074074,0.23223670181595052,0.0,0.8195835
shimmerLocal_de_variance,0.004936575222222222,0.0030186310362503516,0.0,0.008946958
shimmerLocal_de_stddev,0.061417352592592594,0.03477458799855386,0.0,0.09458836
shimmerLocal_de_skewness,0.030321350111111114,0.18043056503346883,-0.6700821,0.3713812
shimmerLocal_de_kurtosis,4.0801696666666665,4.144909116963065,0.0,22.10233
shimmerLocal_de_quartile1,-0.02911725185185185,0.019227094630218704,-0.05367925,0.0
shimmerLocal_de_quartile2,-0.00020545505592592592,0.0005406890484246653,-0.002305247,7.886309e-05
shimmerLocal_de_quartile3,0.029124688148148146,0.019080588769520963,0.0,0.05312067
shimmerLocal_de_upleveltime25,0.7317037037037037,0.3989774251194994,0.0,0.982
shimmerLocal_de_downleveltime25,0.2682962962962963,0.3989774251194994,0.018,1.0
shimmerLocal_de_upleveltime50,0.3894814814814815,0.2439795657222721,0.0,0.878
shimmerLocal_de_downleveltime50,0.6105185185185186,0.2439795657222721,0.122,1.0
shimmerLocal_de_upleveltime75,0.042,0.02822437571701781,0.0,0.088
shimmerLocal_de_downleveltime75,0.958,0.028224375717017806,0.912,1.0
shimmerLocal_de_upleveltime90,0.009333333333333334,0.0074627278988522484,0.0,0.026
shimmerLocal_de_downleveltime90,0.9906666666666667,0.007462727898852255,0.974,1.0
shimmerLocal_de_risetime,0.3492911851851852,0.20548868884308583,0.0,0.50501
shimmerLocal_de_falltime,0.3539672,0.20530920544476325,0.0,0.503006
shimmerLocal_de_leftctime,0.35951212592592585,0.20781135389710023,0.0,0.504016
shimmerLocal_de_rightctime,0.3739402000000001,0.2165549763517622,0.0,0.5341365
shimmerLocal_de_duration,500.0,0.0,500.0,500.0
pcm_loudness_max,2.5343349185185184,1.006392467409211,0.5175468,3.414265
pcm_loudness_min,0.012804473592592592,0.009807884014229514,0.0,0.03396242
pcm_loudness_range,2.521530374074074,1.0024149447423787,0.5120808,3.399073
pcm_loudness_maxPos,237.33333333333334,128.6506898543494,11.0,430.0
pcm_loudness_minPos,264.8888888888889,155.45870916873798,2.0,495.0
pcm_loudness_maxameandist,1.9050179222222223,0.8079982312161634,0.2921261,2.703504
pcm_loudness_minameandist,0.6165125592592593,0.22636795748470143,0.2199547,0.8806708
pcm_loudness_linregc1,6.693102307407396e-06,0.0008635046866979119,-0.002004076,0.001625772
pcm_loudness_linregc2,0.6276470707407408,0.3294187373305835,0.03535701,1.258314
pcm_loudness_linregerrA,0.3562348074074074,0.14851665395824523,0.08847785,0.5044779
pcm_loudness_linregerrQ,0.24466710444444445,0.13610431778072682,0.01144003,0.4184037
pcm_loudness_qregc1,-9.15315115925926e-07,4.503990019410523e-06,-1.13649e-05,8.369371e-06
pcm_loudness_qregc2,0.0004634354244444444,0.0022697970499320104,-0.003274413,0.005381171
pcm_loudness_qregc3,0.5897374796296296,0.3421480232648814,-0.02137885,1.189969
pcm_loudness_qregerrA,175.02772333333334,73.56016108195779,44.07925,250.4629
pcm_loudness_qregerrQ,118.79674974074072,66.86132476066638,5.710145,197.0847
pcm_loudness_centroid,0.5010772333333333,0.05451469395257646,0.3888812,0.6516131
pcm_loudness_variance,0.25962681407407406,0.1419862499874445,0.01146601,0.4490228
pcm_loudness_stddev,0.472183362962963,0.19514112665665476,0.1070795,0.6700916
pcm_loudness_skewness,1.1059185629629629,0.5193385791243328,0.1822131,2.360717
pcm_loudness_kurtosis,4.470487592592593,2.345143881987632,2.359869,13.90567
pcm_loudness_quartile1,0.2774872407407407,0.08604561600800098,0.1404509,0.4397331
pcm_loudness_quartile2,0.4988804111111111,0.17703212243810734,0.2174186,0.7877995
pcm_loudness_quartile3,0.8678158185185184,0.33731247423982463,0.3029049,1.237807
pcm_loudness_upleveltime25,0.43466666666666665,0.1792402770670614,0.148,0.798
pcm_loudness_downleveltime25,0.5653333333333335,0.17924027706706136,0.202,0.852
pcm_loudness_upleveltime50,0.15051851851851852,0.10015002990528005,0.002,0.408
pcm_loudness_downleveltime50,0.8494814814814815,0.10015002990528007,0.592,0.998
pcm_loudness_upleveltime75,0.028666666666666667,0.01913514688090599,0.002,0.082
pcm_loudness_downleveltime75,0.9713333333333333,0.019135146880905986,0.918,0.998
pcm_loudness_upleveltime90,0.006074074074074075,0.0042419691175563734,0.002,0.016
pcm_loudness_downleveltime90,0.993925925925926,0.004241969117556377,0.984,0.998
pcm_loudness_risetime,0.5042677962962963,0.012153714895470036,0.4829659,0.5270541
pcm_loudness_falltime,0.49573220370370374,0.012153714895470041,0.4729459,0.5170341
pcm_loudness_leftctime,0.5142793481481482,0.009505915447857892,0.4939759,0.5321285
pcm_loudness_rightctime,0.48572065185185176,0.009505915447857892,0.4678715,0.5060241
pcm_loudness_duration,500.0,0.0,500.0,500.0
pcm_fftMag_mfcc[0]_max,26.449327999999994,12.419337661049044,-6.928764,37.34214
pcm_fftMag_mfcc[0]_min,-12.890193037037035,1.9428822554120952,-15.39923,-6.424722
pcm_fftMag_mfcc[0]_range,39.339521185185184,11.475179846447029,7.965332,51.91792
pcm_fftMag_mfcc[0]_maxPos,214.8148148148148,155.42325265026292,10.0,460.0
pcm_fftMag_mfcc[0]_minPos,248.14814814814815,145.15978032279403,25.0,492.0
pcm_fftMag_mfcc[0]_maxameandist,22.479105259259253,7.745183517390586,4.410516,40.05389
pcm_fftMag_mfcc[0]_minameandist,16.86041777777778,6.667008912854384,3.554815,23.0111
pcm_fftMag_mfcc[0]_linregc1,0.0009093233111111111,0.02331125715577069,-0.03701999,0.06004433
pcm_fftMag_mfcc[0]_linregc2,3.7433485555555555,10.125800771262844,-18.94556,17.93011
pcm_fftMag_mfcc[0]_linregerrA,6.074164396296296,2.406020208400735,0.9259107,8.751458
pcm_fftMag_mfcc[0]_linregerrQ,64.88528925925927,32.86185438819261,1.361542,108.4262
pcm_fftMag_mfcc[0]_qregc1,-2.5292959296296293e-05,0.00013869037474868045,-0.0003488139,0.0002730176
pcm_fftMag_mfcc[0]_qregc2,0.013530504259259255,0.0683918367075234,-0.08054893,0.2073023
pcm_fftMag_mfcc[0]_qregc3,2.6957903740740736,10.490735286365474,-21.00036,18.05512
pcm_fftMag_mfcc[0]_qregerrA,2834.197403703704,1147.106173822132,432.5004,4375.367
pcm_fftMag_mfcc[0]_qregerrQ,29115.91616666667,14925.98550776063,603.2897,54211.82
pcm_fftMag_mfcc[0]_centroid,0.49870984814814817,0.04200914414532379,0.4208615,0.5708497
pcm_fftMag_mfcc[0]_variance,75.80431159259258,41.96615332763715,1.432311,180.5146
pcm_fftMag_mfcc[0]_stddev,8.17039477777778,3.065451464952171,1.196792,13.43557
pcm_fftMag_mfcc[0]_skewness,0.28233539814814823,0.8098822590223039,-0.8403829,2.389205
pcm_fftMag_mfcc[0]_kurtosis,3.3619078888888887,1.9552995111530247,1.826077,9.757184
pcm_fftMag_mfcc[0]_quartile1,-1.9162819259259256,6.795377713073824,-12.16527,6.896587
pcm_fftMag_mfcc[0]_quartile2,3.623752740740741,8.774426152918817,-11.39336,12.03696
pcm_fftMag_mfcc[0]_quartile3,9.621134555555555,10.329421871144458,-10.64394,18.71981
pcm_fftMag_mfcc[0]_upleveltime25,0.7428148148148148,0.22335501872011826,0.152,0.928
pcm_fftMag_mfcc[0]_downleveltime25,0.2571851851851852,0.22335501872011826,0.072,0.848
pcm_fftMag_mfcc[0]_upleveltime50,0.38422222222222224,0.17630073374194652,0.048,0.682
pcm_fftMag_mfcc[0]_downleveltime50,0.6157777777777779,0.1763007337419465,0.318,0.952
pcm_fftMag_mfcc[0]_upleveltime75,0.082,0.042146265460983524,0.004,0.154
pcm_fftMag_mfcc[0]_downleveltime75,0.918,0.04214626546098351,0.846,0.996
pcm_fftMag_mfcc[0]_upleveltime90,0.013037037037037038,0.008528150135248836,0.002,0.026
pcm_fftMag_mfcc[0]_downleveltime90,0.9869629629629627,0.008528150135248843,0.974,0.998
pcm_fftMag_mfcc[0]_risetime,0.4483040148148148,0.03818073274077971,0.3727455,0.5190381
pcm_fftMag_mfcc[0]_falltime,0.5516959888888888,0.038180743178449515,0.4809619,0.6272545
pcm_fftMag_mfcc[0]_leftctime,0.5009668148148149,0.014104374473046497,0.4799197,0.5301205
pcm_fftMag_mfcc[0]_rightctime,0.4990331814814815,0.014104373114257251,0.4698795,0.5200803
pcm_fftMag_mfcc[0]_duration,500.0,0.0,500.0,500.0
pcm_fftMag_mfcc[1]_max,42.35086185185185,12.894806324509114,18.7042,51.31433
pcm_fftMag_mfcc[1]_min,-12.607406740740739,8.87004419225663,-22.1487,8.395333
pcm_fftMag_mfcc[1]_range,54.95826925925926,20.849951061085886,10.45656,72.51942
pcm_fftMag_mfcc[1]_maxPos,283.6666666666667,154.12257858850282,0.0,464.0
pcm_fftMag_mfcc[1]_minPos,260.5925925925926,161.08842752190947,3.0,490.0
pcm_fftMag_mfcc[1]_maxameandist,23.154524074074075,9.570244736974779,4.63256,32.57217
pcm_fftMag_mfcc[1]_minameandist,31.803746000000004,11.886287720490433,5.824001,43.21338
pcm_fftMag_mfcc[1]_linregc1,0.0012479051481481484,0.022551287376278057,-0.051377,0.04139999
pcm_fftMag_mfcc[1]_linregc2,18.884986888888893,7.341381989934328,7.345526,36.17002
pcm_fftMag_mfcc[1]_linregerrA,10.104673000000002,4.815676445617911,1.416946,16.27259
pcm_fftMag_mfcc[1]_linregerrQ,176.23356333333336,106.43621825773377,3.202564,348.0861
pcm_fftMag_mfcc[1]_qregc1,-2.771195185185185e-05,0.00013465810422799078,-0.0003044946,0.000269923
pcm_fftMag_mfcc[1]_qregc2,0.015076166303703707,0.06853375297338331,-0.1245723,0.1530107
pcm_fftMag_mfcc[1]_qregc3,17.73724037037037,8.244385373361611,4.479823,32.70028
pcm_fftMag_mfcc[1]_qregerrA,4918.961003703704,2363.25596028456,709.0662,8090.669
pcm_fftMag_mfcc[1]_qregerrQ,84952.06785185185,52308.86639559104,1600.696,173549.9
pcm_fftMag_mfcc[1]_centroid,0.5028541407407408,0.040954254065183306,0.4147702,0.5675195
pcm_fftMag_mfcc[1]_variance,186.46857711111113,110.25012621261841,3.52719,353.6856
pcm_fftMag_mfcc[1]_stddev,12.525270740740739,5.542932117657235,1.878081,18.80653
pcm_fftMag_mfcc[1]_skewness,-0.37380602155555553,0.4971262324866528,-1.574745,0.8897334
pcm_fftMag_mfcc[1]_kurtosis,2.813713925925926,1.2802280709054548,1.751813,6.916792
pcm_fftMag_mfcc[1]_quartile1,10.16353848148148,2.5793112663750337,5.813723,16.62679
pcm_fftMag_mfcc[1]_quartile2,19.967293703703703,5.74267625468846,11.62461,30.92501
pcm_fftMag_mfcc[1]_quartile3,29.35686074074074,9.009482096937104,13.96677,39.1444
pcm_fftMag_mfcc[1]_upleveltime25,0.911037037037037,0.04294673040432359,0.82,0.984
pcm_fftMag_mfcc[1]_downleveltime25,0.08896296296296295,0.0429467304043236,0.016,0.18
pcm_fftMag_mfcc[1]_upleveltime50,0.6314074074074075,0.1304722956915373,0.276,0.94
pcm_fftMag_mfcc[1]_downleveltime50,0.36859259259259264,0.13047229569153732,0.06,0.724
pcm_fftMag_mfcc[1]_upleveltime75,0.2939259259259259,0.1134487094973305,0.116,0.638
pcm_fftMag_mfcc[1]_downleveltime75,0.7060740740740741,0.1134487094973305,0.362,0.884
pcm_fftMag_mfcc[1]_upleveltime90,0.060444444444444446,0.03845210140634843,0.006,0.138
pcm_fftMag_mfcc[1]_downleveltime90,0.9395555555555555,0.038452101406348416,0.862,0.994
pcm_fftMag_mfcc[1]_risetime,0.48586061481481485,0.014130451824087191,0.4448898,0.5170341
pcm_fftMag_mfcc[1]_falltime,0.5141394037037037,0.014130459581874394,0.4829659,0.5551102
pcm_fftMag_mfcc[1]_leftctime,0.49471961851851853,0.007328382182312034,0.4819277,0.5100402
pcm_fftMag_mfcc[1]_rightctime,0.5052803740740741,0.007328383509425873,0.4899598,0.5180723
pcm_fftMag_mfcc[1]_duration,500.0,0.0,500.0,500.0
pcm_fftMag_mfcc[2]_max,46.13829666666666,13.996722140817882,19.46774,60.66747
pcm_fftMag_mfcc[2]_min,-10.040477074074074,6.116810882460553,-15.70263,2.222423
pcm_fftMag_mfcc[2]_range,56.17877407407408,18.813930575172474,17.94439,74.88689
pcm_fftMag_mfcc[2]_maxPos,244.8148148148148,144.67736972498952,44.0,481.0
pcm_fftMag_mfcc[2]_minPos,241.8148148148148,145.36691958812813,27.0,494.0
pcm_fftMag_mfcc[2]_maxameandist,27.658213740740738,10.483500242252205,7.889555,45.10129
pcm_fftMag_mfcc[2]_minameandist,28.520559814814813,9.955304398703593,9.765255,41.44236
pcm_fftMag_mfcc[2]_linregc1,0.0010248975407407407,0.021762358782995612,-0.03740706,0.03638185
pcm_fftMag_mfcc[2]_linregc2,18.224370703703702,7.540749312200069,7.076571,35.07278
pcm_fftMag_mfcc[2]_linregerrA,7.852046111111111,3.040144178945217,2.224828,11.23348
pcm_fftMag_mfcc[2]_linregerrQ,111.37731125925927,59.61545084752489,7.737501,186.1692
pcm_fftMag_mfcc[2]_qregc1,3.65022625925926e-06,0.00012780100519757187,-0.000184707,0.0002795476
pcm_fftMag_mfcc[2]_qregc2,-0.0007965643888888878,0.06067569966581731,-0.1254043,0.08761454
pcm_fftMag_mfcc[2]_qregc3,18.375552074074076,7.950295176489713,4.864956,33.74545
pcm_fftMag_mfcc[2]_qregerrA,3807.6046666666666,1527.2684045699418,1105.518,5554.408
pcm_fftMag_mfcc[2]_qregerrQ,52955.81192592593,29477.541670327646,3863.572,92126.47
pcm_fftMag_mfcc[2]_centroid,0.502403025925926,0.04222575288970895,0.4377189,0.5900798
pcm_fftMag_mfcc[2]_variance,120.90039292592591,63.55678454547742,7.738751,213.7449
pcm_fftMag_mfcc[2]_stddev,10.325927259259258,3.8502855661559665,2.781861,14.62002
pcm_fftMag_mfcc[2]_skewness,0.022281887777777763,0.5355827712374794,-0.4480811,2.267826
pcm_fftMag_mfcc[2]_kurtosis,3.234506296296296,1.17445331703841,2.308306,8.563499
pcm_fftMag_mfcc[2]_quartile1,11.90770540740741,2.9014287886183734,7.754557,17.62487
pcm_fftMag_mfcc[2]_quartile2,18.47095777777778,5.022858150584672,10.45428,25.93873
pcm_fftMag_mfcc[2]_quartile3,25.060419259259266,7.330103065200445,12.90781,33.69624
pcm_fftMag_mfcc[2]_upleveltime25,0.8955555555555555,0.14068768830649553,0.226,0.99
pcm_fftMag_mfcc[2]_downleveltime25,0.10444444444444444,0.14068768830649553,0.01,0.774
pcm_fftMag_mfcc[2]_upleveltime50,0.542074074074074,0.14621005067155582,0.078,0.776
pcm_fftMag_mfcc[2]_downleveltime50,0.45792592592592596,0.14621005067155582,0.224,0.922
pcm_fftMag_mfcc[2]_upleveltime75,0.10992592592592591,0.04900386635132902,0.022,0.214
pcm_fftMag_mfcc[2]_downleveltime75,0.8900740740740742,0.04900386635132903,0.786,0.978
pcm_fftMag_mfcc[2]_upleveltime90,0.02281481481481482,0.015983253344184576,0.002,0.064
pcm_fftMag_mfcc[2]_downleveltime90,0.9771851851851852,0.01598325334418458,0.936,0.998
pcm_fftMag_mfcc[2]_risetime,0.5016700111111111,0.009817603564881776,0.4829659,0.5210421
pcm_fftMag_mfcc[2]_falltime,0.49833,0.009817601994690657,0.4789579,0.5170341
pcm_fftMag_mfcc[2]_leftctime,0.49888442222222223,0.01719575400935523,0.4718876,0.5341365
pcm_fftMag_mfcc[2]_rightctime,0.5011155703703704,0.017195759898005602,0.4658635,0.5281125
pcm_fftMag_mfcc[2]_duration,500.0,0.0,500.0,500.0
pcm_fftMag_mfcc[3]_max,40.95084000000001,10.42350260008528,21.19956,52.15524
pcm_fftMag_mfcc[3]_min,-19.77269518518519,8.363829869866837,-26.81847,-0.2790116
pcm_fftMag_mfcc[3]_range,60.723534814814826,18.172772211376127,21.84663,78.10461
pcm_fftMag_mfcc[3]_maxPos,199.07407407407408,151.46691081297283,0.0,492.0
pcm_fftMag_mfcc[3]_minPos,246.85185185185185,155.3251437626899,10.0,484.0
pcm_fftMag_mfcc[3]_maxameandist,31.179789259259262,10.287140930463373,11.97329,44.61155
pcm_fftMag_mfcc[3]_minameandist,29.543744111111113,8.663043235193491,9.63093,37.00253
pcm_fftMag_mfcc[3]_linregc1,-0.000645034288888889,0.010789239227034165,-0.02127327,0.01746666
pcm_fftMag_mfcc[3]_linregc2,9.93198751851852,3.232318942758843,3.553056,17.56276
pcm_fftMag_mfcc[3]_linregerrA,8.44320140740741,3.0952169861972805,2.838132,11.39383
pcm_fftMag_mfcc[3]_linregerrQ,126.78300851851853,66.13990884708221,12.66077,200.3981
pcm_fftMag_mfcc[3]_qregc1,2.735922037037038e-06,6.804611602966508e-05,-9.889948e-05,0.0001574322
pcm_fftMag_mfcc[3]_qregc2,-0.002010256962962963,0.031178098798004348,-0.07350051,0.04175681
pcm_fftMag_mfcc[3]_qregc3,10.045300185185184,3.2114549463179225,4.038339,15.5699
pcm_fftMag_mfcc[3]_qregerrA,4187.09725925926,1537.5344702910313,1407.569,5716.219
pcm_fftMag_mfcc[3]_qregerrQ,62616.12337037037,32701.16343464329,6267.055,98500.95
pcm_fftMag_mfcc[3]_centroid,0.497987337037037,0.03360219331188583,0.425616,0.5524969
pcm_fftMag_mfcc[3]_variance,129.12700666666666,67.31208838831951,12.91002,201.5995
pcm_fftMag_mfcc[3]_stddev,10.740602777777779,3.7809972623239565,3.593051,14.19857
pcm_fftMag_mfcc[3]_skewness,0.06731231518518518,0.2303568635564828,-0.7384342,0.4569948
pcm_fftMag_mfcc[3]_kurtosis,3.152614,0.9531754175200992,2.166446,5.994732
pcm_fftMag_mfcc[3]_quartile1,2.6094069555555555,2.94160216862044,-1.958593,7.17229
pcm_fftMag_mfcc[3]_quartile2,9.309402148148147,1.57070183610127,5.903685,13.07218
pcm_fftMag_mfcc[3]_quartile3,17.14883777777778,3.7566207506832656,11.77766,24.01406
pcm_fftMag_mfcc[3]_upleveltime25,0.900962962962963,0.048862036137461304,0.808,0.994
pcm_fftMag_mfcc[3]_downleveltime25,0.09903703703703703,0.04886203613746132,0.006,0.192
pcm_fftMag_mfcc[3]_upleveltime50,0.46540740740740744,0.12817393808633018,0.266,0.872
pcm_fftMag_mfcc[3]_downleveltime50,0.5345925925925926,0.1281739380863302,0.128,0.734
pcm_fftMag_mfcc[3]_upleveltime75,0.07999999999999997,0.03677373644746604,0.024,0.158
pcm_fftMag_mfcc[3]_downleveltime75,0.92,0.036773736447466024,0.842,0.976
pcm_fftMag_mfcc[3]_upleveltime90,0.01274074074074074,0.007648994869074139,0.002,0.028
pcm_fftMag_mfcc[3]_downleveltime90,0.9872592592592592,0.007648994869074146,0.972,0.998
pcm_fftMag_mfcc[3]_risetime,0.5118385037037037,0.01185924824010233,0.4869739,0.5350701
pcm_fftMag_mfcc[3]_falltime,0.48816150740740744,0.01185925943338809,0.4649298,0.5130261
pcm_fftMag_mfcc[3]_leftctime,0.4999999962962963,0.010970210133408556,0.4759036,0.5180723
pcm_fftMag_mfcc[3]_rightctime,0.49999999259259265,0.010970211541432968,0.4819277,0.5240964
pcm_fftMag_mfcc[3]_duration,500.0,0.0,500.0,500.0
pcm_fftMag_mfcc[4]_max,33.98056037037037,7.102435332528003,21.26355,46.8266
pcm_fftMag_mfcc[4]_min,-22.38709788888889,10.11389831150433,-36.30029,-3.699288
pcm_fftMag_mfcc[4]_range,56.367659259259256,14.925452269740935,25.86281,74.73318
pcm_fftMag_mfcc[4]_maxPos,233.33333333333334,170.34015742263838,1.0,499.0
pcm_fftMag_mfcc[4]_minPos,257.3333333333333,144.1313503504569,12.0,498.0
pcm_fftMag_mfcc[4]_maxameandist,25.439377407407406,6.607401980121405,12.98137,37.7868
pcm_fftMag_mfcc[4]_minameandist,30.92828370370371,9.599204245820085,12.87043,46.54195
pcm_fftMag_mfcc[4]_linregc1,0.000719441155555556,0.012330194197357614,-0.02413347,0.02216564
pcm_fftMag_mfcc[4]_linregc2,8.361683962962964,3.67723609028482,-1.005374,15.59788
pcm_fftMag_mfcc[4]_linregerrA,7.474546148148148,2.1000300875312146,3.481505,9.69047
pcm_fftMag_mfcc[4]_linregerrQ,96.90156777777777,44.628212876817436,19.4451,151.807
pcm_fftMag_mfcc[4]_qregc1,4.730057185185187e-06,0.00010232152165385856,-0.0001892983,0.0001812689
pcm_fftMag_mfcc[4]_qregc2,-0.001640855703703704,0.05193252586294001,-0.09532999,0.09204693
pcm_fftMag_mfcc[4]_qregc3,8.557588442222222,5.133428673448667,-0.02287806,18.23903
pcm_fftMag_mfcc[4]_qregerrA,3667.3663703703705,1027.8127935833957,1740.48,4818.992
pcm_fftMag_mfcc[4]_qregerrQ,46696.60359259259,21593.343089629998,9716.797,73755.04
pcm_fftMag_mfcc[4]_centroid,0.499458,0.03179426379151773,0.426806,0.5487893
pcm_fftMag_mfcc[4]_variance,99.96240481481482,45.64758190520294,19.56053,160.8037
pcm_fftMag_mfcc[4]_stddev,9.654005148148148,2.6500307318062255,4.422729,12.68084
pcm_fftMag_mfcc[4]_skewness,-0.2288026025925926,0.36460413959531723,-1.013639,0.6462986
pcm_fftMag_mfcc[4]_kurtosis,3.2977597037037034,0.47826500487980306,2.468449,4.209413
pcm_fftMag_mfcc[4]_quartile1,2.671170040740741,2.4540385339344297,-3.721427,6.317883
pcm_fftMag_mfcc[4]_quartile2,8.89514637037037,1.5995750612583415,5.415924,12.24245
pcm_fftMag_mfcc[4]_quartile3,14.881412222222218,2.6963952855023843,10.81805,20.15662
pcm_fftMag_mfcc[4]_upleveltime25,0.9407407407407407,0.031009418659240368,0.87,0.99
pcm_fftMag_mfcc[4]_downleveltime25,0.059259259259259255,0.03100941865924038,0.01,0.13
pcm_fftMag_mfcc[4]_upleveltime50,0.6117777777777778,0.14410715386430958,0.272,0.828
pcm_fftMag_mfcc[4]_downleveltime50,0.38822222222222225,0.14410715386430958,0.172,0.728
pcm_fftMag_mfcc[4]_upleveltime75,0.12229629629629628,0.061565983873973544,0.032,0.246
pcm_fftMag_mfcc[4]_downleveltime75,0.8777037037037038,0.061565983873973544,0.754,0.968
pcm_fftMag_mfcc[4]_upleveltime90,0.018814814814814815,0.008792641315926705,0.004,0.04
pcm_fftMag_mfcc[4]_downleveltime90,0.9811851851851853,0.008792641315926714,0.96,0.996
pcm_fftMag_mfcc[4]_risetime,0.5022637925925927,0.01653621081679946,0.4769539,0.5350701
pcm_fftMag_mfcc[4]_falltime,0.49773621851851846,0.016536214960016525,0.4649298,0.5230461
pcm_fftMag_mfcc[4]_leftctime,0.4961326777777778,0.017959735859080683,0.4678715,0.5301205
pcm_fftMag_mfcc[4]_rightctime,0.5038673222222222,0.017959742739534334,0.4698795,0.5321285
pcm_fftMag_mfcc[4]_duration,500.0,0.0,500.0,500.0
pcm_fftMag_mfcc[5]_max,38.64276296296297,8.754041654181059,22.07298,49.95158
pcm_fftMag_mfcc[5]_min,-27.309179333333336,9.821510836962112,-37.03937,-7.635851
pcm_fftMag_mfcc[5]_range,65.95194592592593,17.614638155606496,29.70884,83.62501
pcm_fftMag_mfcc[5]_maxPos,238.25925925925927,147.91619056141027,0.0,490.0
pcm_fftMag_mfcc[5]_minPos,239.44444444444446,134.59492884873066,3.0,457.0
pcm_fftMag_mfcc[5]_maxameandist,35.33073592592593,10.917308987767388,14.23525,52.18099
pcm_fftMag_mfcc[5]_minameandist,30.62120888888889,7.310411649997417,15.47359,38.88983
pcm_fftMag_mfcc[5]_linregc1,0.0006174162666666671,0.01510410873211285,-0.03179714,0.04933288
pcm_fftMag_mfcc[5]_linregc2,3.1579830174074073,4.949605159453855,-10.52636,9.356242
pcm_fftMag_mfcc[5]_linregerrA,8.736918925925925,2.530959588790613,4.153163,12.29935
pcm_fftMag_mfcc[5]_linregerrQ,132.1124266666667,60.453557620053076,27.0865,221.7641
pcm_fftMag_mfcc[5]_qregc1,8.27282730740741e-06,0.00010123768026722639,-0.0002900036,0.0002300009
pcm_fftMag_mfcc[5]_qregc2,-0.003510723925925926,0.051823204920099696,-0.1465676,0.1384867
pcm_fftMag_mfcc[5]_qregc3,3.5006188370370364,6.343594840169946,-8.090853,18.87626
pcm_fftMag_mfcc[5]_qregerrA,4308.995962962963,1235.2835269984496,2066.727,5784.26
pcm_fftMag_mfcc[5]_qregerrQ,64330.910740740735,29100.142794111183,13417.21,100485.5
pcm_fftMag_mfcc[5]_centroid,0.4973001703703704,0.026869197408411087,0.4303634,0.5691944
pcm_fftMag_mfcc[5]_variance,136.69710962962964,63.6052344823049,27.08829,222.5714
pcm_fftMag_mfcc[5]_stddev,11.246543259259258,3.2565546675272485,5.204641,14.91883
pcm_fftMag_mfcc[5]_skewness,0.003525706407407407,0.19621847797779082,-0.257034,0.6763712
pcm_fftMag_mfcc[5]_kurtosis,3.136870407407408,0.4710665702593065,2.474151,4.673539
pcm_fftMag_mfcc[5]_quartile1,-4.054397444814815,5.095171982635838,-11.15663,4.732238
pcm_fftMag_mfcc[5]_quartile2,3.3605513777777785,3.186232583737501,-4.42059,8.175709
pcm_fftMag_mfcc[5]_quartile3,10.82741140740741,1.587791579448523,5.462531,13.16629
pcm_fftMag_mfcc[5]_upleveltime25,0.8988148148148148,0.04045608924123977,0.812,0.96
pcm_fftMag_mfcc[5]_downleveltime25,0.1011851851851852,0.04045608924123978,0.04,0.188
pcm_fftMag_mfcc[5]_upleveltime50,0.43281481481481476,0.10548533876874404,0.188,0.578
pcm_fftMag_mfcc[5]_downleveltime50,0.5671851851851852,0.10548533876874404,0.422,0.812
pcm_fftMag_mfcc[5]_upleveltime75,0.05474074074074074,0.025341654054134473,0.012,0.116
pcm_fftMag_mfcc[5]_downleveltime75,0.9452592592592592,0.025341654054134456,0.884,0.988
pcm_fftMag_mfcc[5]_upleveltime90,0.008592592592592594,0.004144127070178854,0.004,0.022
pcm_fftMag_mfcc[5]_downleveltime90,0.9914074074074074,0.004144127070178858,0.978,0.996
pcm_fftMag_mfcc[5]_risetime,0.4968455407407407,0.014071219826879014,0.4669339,0.5310621
pcm_fftMag_mfcc[5]_falltime,0.5031544666666667,0.014071229605502477,0.4689379,0.5330662
pcm_fftMag_mfcc[5]_leftctime,0.5040904296296297,0.014072554294928269,0.4738956,0.5261044
pcm_fftMag_mfcc[5]_rightctime,0.4959095629629629,0.014072554254269011,0.4738956,0.5261044
pcm_fftMag_mfcc[5]_duration,500.0,0.0,500.0,500.0
pcm_fftMag_mfcc[6]_max,30.05657925925926,4.775893952019652,23.70461,37.71085
pcm_fftMag_mfcc[6]_min,-41.839718148148144,12.06668763436602,-57.62255,-9.4278
pcm_fftMag_mfcc[6]_range,71.89629740740742,13.26850929668079,35.25246,87.73162
pcm_fftMag_mfcc[6]_maxPos,254.07407407407408,130.28782513695353,13.0,489.0
pcm_fftMag_mfcc[6]_minPos,261.25925925925924,152.90132378372272,11.0,491.0
pcm_fftMag_mfcc[6]_maxameandist,34.643085185185186,8.634424419402377,18.50184,48.51313
pcm_fftMag_mfcc[6]_minameandist,37.25321111111111,8.05256390511663,16.75061,50.83829
pcm_fftMag_mfcc[6]_linregc1,-0.0013801555407407405,0.02310186376941671,-0.06062808,0.04209117
pcm_fftMag_mfcc[6]_linregc2,-4.242158037037037,9.045698534450837,-17.47896,16.44201
pcm_fftMag_mfcc[6]_linregerrA,9.420118370370371,2.4356398845789857,4.546471,13.07212
pcm_fftMag_mfcc[6]_linregerrQ,149.22479555555554,62.25870395626273,32.42129,255.257
pcm_fftMag_mfcc[6]_qregc1,-9.298807407407377e-07,0.00014409155316498786,-0.0003173584,0.0002706064
pcm_fftMag_mfcc[6]_qregc2,-0.0009161473333333363,0.06944557004362807,-0.142216,0.1024045
pcm_fftMag_mfcc[6]_qregc3,-4.280670196296296,9.436303540901203,-22.19664,13.90687
pcm_fftMag_mfcc[6]_qregerrA,4594.523407407407,1213.8729537799586,2262.359,6533.425
pcm_fftMag_mfcc[6]_qregerrQ,71141.24296296296,30806.652372839835,16063.24,127460.7
pcm_fftMag_mfcc[6]_centroid,0.4993642074074074,0.033043893656933235,0.4476,0.597093
pcm_fftMag_mfcc[6]_variance,159.971307037037,64.19472332887828,32.48544,261.3654
pcm_fftMag_mfcc[6]_stddev,12.305657074074075,2.9783655582881865,5.6996,16.1668
pcm_fftMag_mfcc[6]_skewness,-0.07831297837037036,0.45082945212774694,-1.447903,0.53853
pcm_fftMag_mfcc[6]_kurtosis,3.216757222222222,0.6459734236129065,2.403456,4.892856
pcm_fftMag_mfcc[6]_quartile1,-12.598760666666667,8.700390469150735,-22.79143,3.997744
pcm_fftMag_mfcc[6]_quartile2,-4.349766392592593,7.0546634381915645,-12.76009,7.614263
pcm_fftMag_mfcc[6]_quartile3,3.5201578592592595,5.3056796274344284,-4.010206,11.68695
pcm_fftMag_mfcc[6]_upleveltime25,0.9258518518518519,0.045751589887215685,0.836,0.994
pcm_fftMag_mfcc[6]_downleveltime25,0.07414814814814814,0.04575158988721569,0.006,0.164
pcm_fftMag_mfcc[6]_upleveltime50,0.5353333333333333,0.1772681584492827,0.252,0.884
pcm_fftMag_mfcc[6]_downleveltime50,0.46466666666666656,0.17726815844928268,0.116,0.748
pcm_fftMag_mfcc[6]_upleveltime75,0.11237037037037036,0.09306248857959248,0.014,0.452
pcm_fftMag_mfcc[6]_downleveltime75,0.8876296296296297,0.09306248857959247,0.548,0.986
pcm_fftMag_mfcc[6]_upleveltime90,0.013555555555555557,0.008381909702234345,0.002,0.042
pcm_fftMag_mfcc[6]_downleveltime90,0.9864444444444445,0.008381909702234352,0.958,0.998
pcm_fftMag_mfcc[6]_risetime,0.5116900555555556,0.013058630136849186,0.4809619,0.5490982
pcm_fftMag_mfcc[6]_falltime,0.48830995555555545,0.013058625414919407,0.4509018,0.5190381
pcm_fftMag_mfcc[6]_leftctime,0.4917447555555555,0.013859935498749166,0.4538153,0.5180723
pcm_fftMag_mfcc[6]_rightctime,0.5082552407407408,0.013859936675131704,0.4819277,0.5461847
pcm_fftMag_mfcc[6]_duration,500.0,0.0,500.0,500.0
pcm_fftMag_mfcc[7]_max,29.68268740740741,6.944141488329233,19.98481,42.24797
pcm_fftMag_mfcc[7]_min,-35.47178374074075,12.653571459332893,-55.20825,-9.629941
pcm_fftMag_mfcc[7]_range,65.15447296296296,15.028087012111898,33.12852,91.84703
pcm_fftMag_mfcc[7]_maxPos,221.66666666666666,151.09599597606817,1.0,433.0
pcm_fftMag_mfcc[7]_minPos,254.7037037037037,155.14455165693676,10.0,497.0
pcm_fftMag_mfcc[7]_maxameandist,31.586595555555554,9.503949324563138,17.32079,50.16334
pcm_fftMag_mfcc[7]_minameandist,33.5678762962963,9.672072992741743,15.80773,60.49057
pcm_fftMag_mfcc[7]_linregc1,-0.00034936542222222254,0.017299995402834875,-0.0477505,0.04172604
pcm_fftMag_mfcc[7]_linregc2,-1.8167418629629628,6.494427618670355,-13.83139,9.673245
pcm_fftMag_mfcc[7]_linregerrA,8.498152481481482,1.8114336476657285,5.029608,10.6712
pcm_fftMag_mfcc[7]_linregerrQ,117.56785037037037,42.12351458308872,37.7964,170.9273
pcm_fftMag_mfcc[7]_qregc1,1.1679879148148149e-05,0.00013605664475623548,-0.0002648931,0.0003080385
pcm_fftMag_mfcc[7]_qregc2,-0.006177626725925927,0.06880149025497459,-0.1391126,0.133656
pcm_fftMag_mfcc[7]_qregc3,-1.3329960962962966,7.969758115498458,-17.36784,9.068921
pcm_fftMag_mfcc[7]_qregerrA,4139.242111111111,848.7877993746471,2511.696,5164.511
pcm_fftMag_mfcc[7]_qregerrQ,55665.54925925926,19709.063005328077,18775.92,82975.02
pcm_fftMag_mfcc[7]_centroid,0.49809800370370366,0.02969133791374284,0.4459158,0.5878614
pcm_fftMag_mfcc[7]_variance,123.57465037037036,43.55998318112433,37.8175,172.2243
pcm_fftMag_mfcc[7]_stddev,10.89207562962963,2.2643369893887626,6.149593,13.12343
pcm_fftMag_mfcc[7]_skewness,-0.13411858185185185,0.4078842633800038,-1.777092,0.3307012
pcm_fftMag_mfcc[7]_kurtosis,3.1739740370370373,1.3771996992170095,2.459448,9.904204
pcm_fftMag_mfcc[7]_quartile1,-9.302716796296295,6.37389200705511,-16.9631,1.696708
pcm_fftMag_mfcc[7]_quartile2,-1.522523185185185,5.012111766074203,-9.84008,6.918066
pcm_fftMag_mfcc[7]_quartile3,5.707687781481481,3.2135683141564715,-0.1966849,11.25652
pcm_fftMag_mfcc[7]_upleveltime25,0.9172592592592592,0.0597382705529794,0.778,0.99
pcm_fftMag_mfcc[7]_downleveltime25,0.08274074074074073,0.05973827055297942,0.01,0.222
pcm_fftMag_mfcc[7]_upleveltime50,0.5287407407407408,0.17733336546494152,0.236,0.962
pcm_fftMag_mfcc[7]_downleveltime50,0.4712592592592593,0.17733336546494152,0.038,0.764
pcm_fftMag_mfcc[7]_upleveltime75,0.11266666666666668,0.110061521257606,0.008,0.496
pcm_fftMag_mfcc[7]_downleveltime75,0.8873333333333333,0.11006152125760602,0.504,0.992
pcm_fftMag_mfcc[7]_upleveltime90,0.01325925925925926,0.011383498828745299,0.002,0.046
pcm_fftMag_mfcc[7]_downleveltime90,0.9867407407407408,0.011383498828745309,0.954,0.998
pcm_fftMag_mfcc[7]_risetime,0.5035998,0.015199347043515745,0.4789579,0.5410821
pcm_fftMag_mfcc[7]_falltime,0.49640021851851857,0.015199352865855761,0.4589178,0.5210421
pcm_fftMag_mfcc[7]_leftctime,0.4948683592592592,0.012921850244190122,0.4738956,0.5240964
pcm_fftMag_mfcc[7]_rightctime,0.5051316333333333,0.012921853299025596,0.4759036,0.5261044
pcm_fftMag_mfcc[7]_duration,500.0,0.0,500.0,500.0
pcm_fftMag_mfcc[8]_max,32.724648148148155,4.238328424911839,25.27297,38.93784
pcm_fftMag_mfcc[8]_min,-36.30910888888889,12.013036361032425,-53.27557,-11.8503
pcm_fftMag_mfcc[8]_range,69.0337562962963,15.319098263147804,37.12328,92.21341
pcm_fftMag_mfcc[8]_maxPos,267.5925925925926,136.38724823634166,27.0,478.0
pcm_fftMag_mfcc[8]_minPos,269.6666666666667,146.9633653984243,0.0,495.0
pcm_fftMag_mfcc[8]_maxameandist,33.99636555555555,7.4801402459344795,19.98334,43.07921
pcm_fftMag_mfcc[8]_minameandist,35.03739111111111,8.673905705064842,17.00336,53.4847
pcm_fftMag_mfcc[8]_linregc1,-0.0017401639814814819,0.023918929002893975,-0.04402636,0.05568688
pcm_fftMag_mfcc[8]_linregc2,-0.8375459977777774,7.471262476235419,-17.60354,9.764002
pcm_fftMag_mfcc[8]_linregerrA,9.56886137037037,2.4330647537240275,5.341598,13.24721
pcm_fftMag_mfcc[8]_linregerrQ,148.92265777777777,63.03694263935294,43.21552,243.6475
pcm_fftMag_mfcc[8]_qregc1,-3.2834786296296316e-06,0.00016152697807571165,-0.0003984532,0.0003580639
pcm_fftMag_mfcc[8]_qregc2,-0.00010170525925926147,0.07691934170875375,-0.1777252,0.1818117
pcm_fftMag_mfcc[8]_qregc3,-0.9735381322222224,8.715735278090833,-15.53961,16.6254
pcm_fftMag_mfcc[8]_qregerrA,4639.152851851852,1133.7711486012815,2671.177,6482.113
pcm_fftMag_mfcc[8]_qregerrQ,70097.62444444445,28584.531500545658,21607.58,119173.9
pcm_fftMag_mfcc[8]_centroid,0.5039050074074074,0.025359424545611416,0.4416123,0.5662384
pcm_fftMag_mfcc[8]_variance,160.46331333333333,67.1266279972285,43.3485,243.9642
pcm_fftMag_mfcc[8]_stddev,12.308990925925928,3.049000820261538,6.583958,15.61936
pcm_fftMag_mfcc[8]_skewness,-0.04356348699999999,0.20947807804149343,-0.6155043,0.2900276
pcm_fftMag_mfcc[8]_kurtosis,2.8037945185185187,0.3050488856999772,2.128844,3.391798
pcm_fftMag_mfcc[8]_quartile1,-9.929347666666668,6.511576786821111,-17.05056,1.337058
pcm_fftMag_mfcc[8]_quartile2,-1.0449642125925926,4.820081687523162,-8.216319,6.750099
pcm_fftMag_mfcc[8]_quartile3,7.351319363333333,3.0566419524682664,-0.06180869,11.60589
pcm_fftMag_mfcc[8]_upleveltime25,0.9151851851851852,0.03672039575477727,0.844,0.982
pcm_fftMag_mfcc[8]_downleveltime25,0.08481481481481482,0.036720395754777264,0.018,0.156
pcm_fftMag_mfcc[8]_upleveltime50,0.5177777777777779,0.10031693366270314,0.304,0.768
pcm_fftMag_mfcc[8]_downleveltime50,0.48222222222222216,0.10031693366270311,0.232,0.696
pcm_fftMag_mfcc[8]_upleveltime75,0.08666666666666666,0.030914273526840442,0.032,0.158
pcm_fftMag_mfcc[8]_downleveltime75,0.9133333333333334,0.030914273526840428,0.842,0.968
pcm_fftMag_mfcc[8]_upleveltime90,0.012074074074074077,0.005247167191234098,0.004,0.026
pcm_fftMag_mfcc[8]_downleveltime90,0.9879259259259257,0.005247167191234103,0.974,0.996
pcm_fftMag_mfcc[8]_risetime,0.5027091296296297,0.014101680655532757,0.4829659,0.5350701
pcm_fftMag_mfcc[8]_falltime,0.49729088148148143,0.014101697356647897,0.4649298,0.5170341
pcm_fftMag_mfcc[8]_leftctime,0.4926372222222222,0.013562073950155528,0.4698795,0.5200803
pcm_fftMag_mfcc[8]_rightctime,0.5073627777777777,0.01356207395015553,0.4799197,0.5301205
pcm_fftMag_mfcc[8]_duration,500.0,0.0,500.0,500.0
pcm_fftMag_mfcc[9]_max,38.142482962962966,6.310887037835012,25.75063,50.63139
pcm_fftMag_mfcc[9]_min,-24.81304370370371,6.370079961034874,-31.33663,-10.95403
pcm_fftMag_mfcc[9]_range,62.95552962962962,11.503488774031682,36.70467,81.12984
pcm_fftMag_mfcc[9]_maxPos,301.18518518518516,141.54125167570734,14.0,496.0
pcm_fftMag_mfcc[9]_minPos,235.44444444444446,165.48770192125903,14.0,484.0
pcm_fftMag_mfcc[9]_maxameandist,32.33575925925926,6.470392104762173,20.4953,47.36605
pcm_fftMag_mfcc[9]_minameandist,30.619769629629626,6.153147875578985,16.20936,38.23102
pcm_fftMag_mfcc[9]_linregc1,0.0008937075481481481,0.008414984764070172,-0.02077762,0.01926195
pcm_fftMag_mfcc[9]_linregc2,5.583743437037037,2.4851476790641276,0.1305218,12.12091
pcm_fftMag_mfcc[9]_linregerrA,8.08292537037037,1.4430115140796334,5.562947,10.42759
pcm_fftMag_mfcc[9]_linregerrQ,107.11912962962963,35.03032672338921,45.34299,170.1979
pcm_fftMag_mfcc[9]_qregc1,-1.1701836114814815e-05,5.467790476230184e-05,-9.787139e-05,0.0001069266
pcm_fftMag_mfcc[9]_qregc2,0.006732923962962963,0.02742833824043701,-0.04915607,0.05187711
pcm_fftMag_mfcc[9]_qregc3,5.099088740740741,2.8223660891663034,1.093765,14.47633
pcm_fftMag_mfcc[9]_qregerrA,4019.8408518518518,718.6834900378449,2756.313,5207.845
pcm_fftMag_mfcc[9]_qregerrQ,53035.986296296294,17443.07964668866,22652.65,85002.26
pcm_fftMag_mfcc[9]_centroid,0.5017274518518519,0.028935135312019886,0.4172225,0.5613294
pcm_fftMag_mfcc[9]_variance,108.55636888888888,34.6901279359478,45.62026,175.8981
pcm_fftMag_mfcc[9]_stddev,10.267179962962961,1.8061617157618122,6.754277,13.26266
pcm_fftMag_mfcc[9]_skewness,0.04353745085185185,0.16023783102410535,-0.2362989,0.3595521
pcm_fftMag_mfcc[9]_kurtosis,3.1492451481481485,0.3643870342095807,2.504734,3.715106
pcm_fftMag_mfcc[9]_quartile1,-0.8821252540740739,2.061032575942717,-5.813653,2.907207
pcm_fftMag_mfcc[9]_quartile2,5.615105666666666,1.3450449184117064,2.171763,7.919933
pcm_fftMag_mfcc[9]_quartile3,12.759037481481485,1.5404139445982687,9.763142,15.72613
pcm_fftMag_mfcc[9]_upleveltime25,0.9186666666666667,0.04283420631655535,0.822,0.974
pcm_fftMag_mfcc[9]_downleveltime25,0.08133333333333333,0.04283420631655536,0.026,0.178
pcm_fftMag_mfcc[9]_upleveltime50,0.4600000000000001,0.0920434679920308,0.268,0.614
pcm_fftMag_mfcc[9]_downleveltime50,0.5399999999999999,0.09204346799203081,0.386,0.732
pcm_fftMag_mfcc[9]_upleveltime75,0.05562962962962964,0.024967899619231314,0.018,0.118
pcm_fftMag_mfcc[9]_downleveltime75,0.9443703703703704,0.024967899619231296,0.882,0.982
pcm_fftMag_mfcc[9]_upleveltime90,0.00903703703703704,0.004910596716689339,0.002,0.022
pcm_fftMag_mfcc[9]_downleveltime90,0.9909629629629628,0.004910596716689343,0.978,0.998
pcm_fftMag_mfcc[9]_risetime,0.49743933703703713,0.012641917246000679,0.4669339,0.5130261
pcm_fftMag_mfcc[9]_falltime,0.5025606925925926,0.01264193662077885,0.4869739,0.5330662
pcm_fftMag_mfcc[9]_leftctime,0.4978432185185184,0.012808450037619004,0.4698795,0.5261044
pcm_fftMag_mfcc[9]_rightctime,0.5021567777777778,0.012808451891211802,0.4738956,0.5301205
pcm_fftMag_mfcc[9]_duration,500.0,0.0,500.0,500.0
pcm_fftMag_mfcc[10]_max,34.065685925925926,5.193711846941794,27.59805,44.10327
pcm_fftMag_mfcc[10]_min,-29.305135925925924,8.662502280712879,-44.16377,-12.28246
pcm_fftMag_mfcc[10]_range,63.37081925925927,11.30796394377225,43.34494,84.45835
pcm_fftMag_mfcc[10]_maxPos,282.1111111111111,143.19253669134633,40.0,499.0
pcm_fftMag_mfcc[10]_minPos,274.22222222222223,155.79679401592648,0.0,493.0
pcm_fftMag_mfcc[10]_maxameandist,32.77914555555555,6.4219040431882775,23.60674,46.31106
pcm_fftMag_mfcc[10]_minameandist,30.591674814814816,7.3858953626247175,18.05299,47.28444
pcm_fftMag_mfcc[10]_linregc1,0.0006316468962962964,0.011005461050173184,-0.02176586,0.02755281
pcm_fftMag_mfcc[10]_linregc2,1.1289438518518518,3.778122130789205,-6.346221,7.646544
pcm_fftMag_mfcc[10]_linregerrA,8.007645666666667,1.4715131920538596,5.411957,9.89117
pcm_fftMag_mfcc[10]_linregerrQ,104.40308555555555,34.04312372312487,45.35126,148.6243
pcm_fftMag_mfcc[10]_qregc1,-1.912313982222222e-05,6.319738925196807e-05,-0.0001597723,0.0001559591
pcm_fftMag_mfcc[10]_qregc2,0.010174092996296295,0.031066651050288094,-0.07681862,0.08256264
pcm_fftMag_mfcc[10]_qregc3,0.3369208114814814,4.015134630533667,-7.194013,6.819374
pcm_fftMag_mfcc[10]_qregerrA,3988.0637407407407,729.6041932854674,2703.141,4945.051
pcm_fftMag_mfcc[10]_qregerrQ,51470.362962962965,16593.395312042037,22608.71,74307.29
pcm_fftMag_mfcc[10]_centroid,0.49955044444444435,0.024894731513211223,0.4584914,0.5557879
pcm_fftMag_mfcc[10]_variance,106.84126925925926,34.2832945169026,46.05238,149.2367
pcm_fftMag_mfcc[10]_stddev,10.180621296296296,1.8218507905668941,6.786191,12.21625
pcm_fftMag_mfcc[10]_skewness,-0.08302793296296296,0.25391771662396684,-0.9303772,0.3425648
pcm_fftMag_mfcc[10]_kurtosis,3.1966205925925926,0.7190440638701262,2.614019,6.170571
pcm_fftMag_mfcc[10]_quartile1,-5.466954045925927,3.8524506215912555,-10.78952,0.6975375
pcm_fftMag_mfcc[10]_quartile2,1.582362823703704,2.736451725369348,-2.724222,5.720153
pcm_fftMag_mfcc[10]_quartile3,8.186877037037037,1.9948794769300358,4.610378,10.91827
pcm_fftMag_mfcc[10]_upleveltime25,0.898888888888889,0.05226657509149488,0.77,0.988
pcm_fftMag_mfcc[10]_downleveltime25,0.10111111111111111,0.05226657509149487,0.012,0.23
pcm_fftMag_mfcc[10]_upleveltime50,0.4698518518518518,0.165378750310102,0.194,0.87
pcm_fftMag_mfcc[10]_downleveltime50,0.5301481481481483,0.16537875031010196,0.13,0.806
pcm_fftMag_mfcc[10]_upleveltime75,0.050074074074074076,0.03148861323610114,0.006,0.114
pcm_fftMag_mfcc[10]_downleveltime75,0.949925925925926,0.031488613236101116,0.886,0.994
pcm_fftMag_mfcc[10]_upleveltime90,0.006814814814814816,0.0051518259424509424,0.002,0.018
pcm_fftMag_mfcc[10]_downleveltime90,0.9931851851851851,0.005151825942450947,0.982,0.998
pcm_fftMag_mfcc[10]_risetime,0.5007793333333334,0.015821937752738702,0.4789579,0.5410821
pcm_fftMag_mfcc[10]_falltime,0.49922067407407406,0.015821950310482558,0.4589178,0.5210421
pcm_fftMag_mfcc[10]_leftctime,0.5030492333333334,0.011845306692818183,0.4839357,0.5261044
pcm_fftMag_mfcc[10]_rightctime,0.49695075925925924,0.011845302104640451,0.4738956,0.5160643
pcm_fftMag_mfcc[10]_duration,500.0,0.0,500.0,500.0
pcm_fftMag_mfcc[11]_max,30.56762185185185,3.312124924416159,24.57536,38.11249
pcm_fftMag_mfcc[11]_min,-23.572072962962967,4.169192302448829,-28.77263,-14.20687
pcm_fftMag_mfcc[11]_range,54.13969444444446,6.581895567232036,41.76468,65.80486
pcm_fftMag_mfcc[11]_maxPos,239.11111111111111,155.73827486013275,20.0,497.0
pcm_fftMag_mfcc[11]_minPos,269.1111111111111,139.89565708696918,34.0,482.0
pcm_fftMag_mfcc[11]_maxameandist,27.389321851851854,3.8148833165803864,20.61443,37.32885
pcm_fftMag_mfcc[11]_minameandist,26.75037185185185,3.5460161125691863,17.93615,33.30233
pcm_fftMag_mfcc[11]_linregc1,-0.0004930056607407407,0.008756327878460425,-0.01857364,0.0215722
pcm_fftMag_mfcc[11]_linregc2,3.3013049629629627,2.5788237148840434,-2.445961,7.706906
pcm_fftMag_mfcc[11]_linregerrA,7.015735851851851,0.9555122921232723,5.015727,8.120111
pcm_fftMag_mfcc[11]_linregerrQ,80.39476814814816,20.11870763771563,39.09377,103.8323
pcm_fftMag_mfcc[11]_qregc1,7.527591296296295e-06,6.0264887919321637e-05,-0.0002082754,8.624414e-05
pcm_fftMag_mfcc[11]_qregc2,-0.004249275877777778,0.030661649528832175,-0.05850756,0.1020693
pcm_fftMag_mfcc[11]_qregc3,3.613075377777778,3.429877435915132,-4.744936,11.02142
pcm_fftMag_mfcc[11]_qregerrA,3484.542888888889,471.4534386239359,2506.404,4055.018
pcm_fftMag_mfcc[11]_qregerrQ,39580.380740740744,9830.44117978863,19532.04,51538.04
pcm_fftMag_mfcc[11]_centroid,0.49883237407407416,0.022651789064299824,0.4397474,0.5639361
pcm_fftMag_mfcc[11]_variance,81.9380214814815,20.812148519101438,39.80949,110.3243
pcm_fftMag_mfcc[11]_stddev,8.971199407407408,1.2294663800234404,6.309476,10.50354
pcm_fftMag_mfcc[11]_skewness,0.09476342970370369,0.11647321840516467,-0.1049256,0.367382
pcm_fftMag_mfcc[11]_kurtosis,3.120091407407407,0.29275339809566414,2.672939,4.023471
pcm_fftMag_mfcc[11]_quartile1,-2.780989374074074,2.0031803571958116,-7.089055,0.8963906
pcm_fftMag_mfcc[11]_quartile2,3.0223976259259264,1.443846562655844,-0.6579407,5.465387
pcm_fftMag_mfcc[11]_quartile3,9.007474148148148,1.1318524886987331,6.278611,10.59211
pcm_fftMag_mfcc[11]_upleveltime25,0.9299259259259259,0.024859491185346107,0.882,0.966
pcm_fftMag_mfcc[11]_downleveltime25,0.07007407407407408,0.024859491185346128,0.034,0.118
pcm_fftMag_mfcc[11]_upleveltime50,0.4777777777777778,0.07954550382948856,0.288,0.62
pcm_fftMag_mfcc[11]_downleveltime50,0.5222222222222223,0.07954550382948855,0.38,0.712
pcm_fftMag_mfcc[11]_upleveltime75,0.06607407407407408,0.026789673564390618,0.008,0.11
pcm_fftMag_mfcc[11]_downleveltime75,0.9339259259259259,0.026789673564390597,0.89,0.992
pcm_fftMag_mfcc[11]_upleveltime90,0.01311111111111111,0.007407549856180171,0.002,0.03
pcm_fftMag_mfcc[11]_downleveltime90,0.9868888888888889,0.007407549856180177,0.97,0.998
pcm_fftMag_mfcc[11]_risetime,0.505752248148148,0.01302484982885142,0.4849699,0.5290581
pcm_fftMag_mfcc[11]_falltime,0.4942477592592593,0.013024853226052091,0.4709419,0.5150301
pcm_fftMag_mfcc[11]_leftctime,0.49494272962962965,0.013531969054763915,0.4718876,0.5240964
pcm_fftMag_mfcc[11]_rightctime,0.5050572703703703,0.013531978186554838,0.4759036,0.5281125
pcm_fftMag_mfcc[11]_duration,500.0,0.0,500.0,500.0
pcm_fftMag_mfcc[12]_max,29.963354074074076,6.558748443071612,19.47757,44.97665
pcm_fftMag_mfcc[12]_min,-22.712623703703706,5.207281082435031,-29.13712,-12.88535
pcm_fftMag_mfcc[12]_range,52.6759748148148,9.044658601741085,36.61932,68.79262
pcm_fftMag_mfcc[12]_maxPos,266.18518518518516,158.80128778712407,10.0,484.0
pcm_fftMag_mfcc[12]_minPos,283.037037037037,127.04980291858946,56.0,485.0
pcm_fftMag_mfcc[12]_maxameandist,26.53826888888889,6.406800241550039,16.01156,42.66562
pcm_fftMag_mfcc[12]_minameandist,26.137706296296297,4.904426674477274,16.54421,32.43238
pcm_fftMag_mfcc[12]_linregc1,-0.0006541198999999999,0.005700176540650415,-0.01144679,0.01135941
pcm_fftMag_mfcc[12]_linregc2,3.5882859533333336,2.251076599804372,-1.787802,8.771274
pcm_fftMag_mfcc[12]_linregerrA,6.7831672962962966,1.0307566097634604,4.992097,8.367571
pcm_fftMag_mfcc[12]_linregerrQ,74.65988333333334,20.99095895489367,39.18506,107.3616
pcm_fftMag_mfcc[12]_qregc1,1.5604082555555553e-05,6.23495931558604e-05,-0.0001214333,0.0001171586
pcm_fftMag_mfcc[12]_qregc2,-0.00844055762962963,0.031114733434148684,-0.06191762,0.05052547
pcm_fftMag_mfcc[12]_qregc3,4.234560367777778,3.0485784133717693,-1.785641,10.15363
pcm_fftMag_mfcc[12]_qregerrA,3360.8334074074073,503.4672910158773,2486.811,4157.414
pcm_fftMag_mfcc[12]_qregerrQ,36637.770370370374,10178.36422430233,19571.98,52229.1
pcm_fftMag_mfcc[12]_centroid,0.5000101074074074,0.021949687024629162,0.45055,0.551705
pcm_fftMag_mfcc[12]_variance,75.32063444444444,21.13994168107838,39.22393,107.3673
pcm_fftMag_mfcc[12]_stddev,8.585401333333332,1.2936379187645146,6.262901,10.36182
pcm_fftMag_mfcc[12]_skewness,0.05806916555555557,0.19387891878280822,-0.2930637,0.4312657
pcm_fftMag_mfcc[12]_kurtosis,3.105759851851852,0.3221940449175959,2.675655,4.054116
pcm_fftMag_mfcc[12]_quartile1,-2.290442896666667,2.0485063205716063,-7.129467,0.3076511
pcm_fftMag_mfcc[12]_quartile2,3.320406045185185,1.5859564710175993,-0.08312988,6.204389
pcm_fftMag_mfcc[12]_quartile3,9.090891777777777,1.6326714231823427,5.913029,12.29863
pcm_fftMag_mfcc[12]_upleveltime25,0.9219259259259259,0.05202212985165057,0.808,0.992
pcm_fftMag_mfcc[12]_downleveltime25,0.07807407407407407,0.05202212985165058,0.008,0.192
pcm_fftMag_mfcc[12]_upleveltime50,0.49222222222222217,0.15633429008509378,0.206,0.72
pcm_fftMag_mfcc[12]_downleveltime50,0.5077777777777779,0.1563342900850938,0.28,0.794
pcm_fftMag_mfcc[12]_upleveltime75,0.07762962962962962,0.04611369573643967,0.01,0.152
pcm_fftMag_mfcc[12]_downleveltime75,0.9223703703703703,0.04611369573643967,0.848,0.99
pcm_fftMag_mfcc[12]_upleveltime90,0.013037037037037036,0.00933760585968819,0.002,0.032
pcm_fftMag_mfcc[12]_downleveltime90,0.9869629629629629,0.009337605859688196,0.968,0.998
pcm_fftMag_mfcc[12]_risetime,0.5034513592592592,0.014009704247530586,0.4789579,0.5330662
pcm_fftMag_mfcc[12]_falltime,0.496548662962963,0.01400969342749589,0.4669339,0.5210421
pcm_fftMag_mfcc[12]_leftctime,0.5002974925925927,0.013397596714736277,0.4698795,0.5261044
pcm_fftMag_mfcc[12]_rightctime,0.49970250000000005,0.013397596543927045,0.4738956,0.5301205
pcm_fftMag_mfcc[12]_duration,500.0,0.0,500.0,500.0
pcm_fftMag_mfcc[13]_max,30.73617148148148,5.3326968704079984,18.90822,36.23962
pcm_fftMag_mfcc[13]_min,-15.494012592592592,3.9082873843741845,-24.65181,-10.21805
pcm_fftMag_mfcc[13]_range,46.23018592592594,6.77244482317317,30.18227,55.83056
pcm_fftMag_mfcc[13]_maxPos,274.3703703703704,154.8572911644157,4.0,496.0
pcm_fftMag_mfcc[13]_minPos,257.2962962962963,141.24959218860525,37.0,475.0
pcm_fftMag_mfcc[13]_maxameandist,23.942574444444446,3.770261479419547,16.49105,28.83072
pcm_fftMag_mfcc[13]_minameandist,22.287610370370366,4.2154686151149425,13.69122,31.5024
pcm_fftMag_mfcc[13]_linregc1,0.00021341185925925914,0.00924061923862358,-0.01582051,0.0217304
pcm_fftMag_mfcc[13]_linregc2,6.7403511555555555,3.1999332704398014,0.4591142,13.19159
pcm_fftMag_mfcc[13]_linregerrA,6.199265407407408,0.7452386594283976,4.550171,7.269137
pcm_fftMag_mfcc[13]_linregerrQ,60.96137555555556,13.401193404688982,32.25371,81.67936
pcm_fftMag_mfcc[13]_qregc1,-8.81633411111111e-06,6.520203317354226e-05,-0.0001482352,9.436407e-05
pcm_fftMag_mfcc[13]_qregc2,0.004612761525925927,0.03285968955882821,-0.04871168,0.08431698
pcm_fftMag_mfcc[13]_qregc3,6.375204682222223,3.7048054647164625,-0.5661411,13.29632
pcm_fftMag_mfcc[13]_qregerrA,3067.3143333333337,365.49893390100226,2276.659,3613.114
pcm_fftMag_mfcc[13]_qregerrQ,29756.47,6537.433304772306,16121.02,40770.93
pcm_fftMag_mfcc[13]_centroid,0.4987377703703703,0.03501379815612053,0.4483114,0.6031824
pcm_fftMag_mfcc[13]_variance,62.67536925925925,13.641071891418697,32.6473,84.33919
pcm_fftMag_mfcc[13]_stddev,7.865106925925925,0.9202316522278894,5.713781,9.183637
pcm_fftMag_mfcc[13]_skewness,0.09924585444444443,0.14826245644051322,-0.1685846,0.3522044
pcm_fftMag_mfcc[13]_kurtosis,2.8922128148148145,0.15568059446805158,2.660922,3.251597
pcm_fftMag_mfcc[13]_quartile1,1.3693458401851852,1.7118339388194312,-2.010784,4.268795
pcm_fftMag_mfcc[13]_quartile2,6.516598666666666,2.185678824122787,2.458002,9.712433
pcm_fftMag_mfcc[13]_quartile3,12.050119407407408,2.7760102905503716,6.278754,15.2707
pcm_fftMag_mfcc[13]_upleveltime25,0.9050370370370372,0.0485112845567372,0.8,0.99
pcm_fftMag_mfcc[13]_downleveltime25,0.09496296296296294,0.0485112845567372,0.01,0.2
pcm_fftMag_mfcc[13]_upleveltime50,0.44955555555555554,0.11021703530668421,0.266,0.666
pcm_fftMag_mfcc[13]_downleveltime50,0.5504444444444444,0.11021703530668421,0.334,0.734
pcm_fftMag_mfcc[13]_upleveltime75,0.06933333333333334,0.03353528566473506,0.02,0.128
pcm_fftMag_mfcc[13]_downleveltime75,0.9306666666666668,0.033535285664735036,0.872,0.98
pcm_fftMag_mfcc[13]_upleveltime90,0.00962962962962963,0.006610877680286008,0.002,0.024
pcm_fftMag_mfcc[13]_downleveltime90,0.9903703703703703,0.0066108776802860135,0.976,0.998
pcm_fftMag_mfcc[13]_risetime,0.5080531481481482,0.014315481211943789,0.4649298,0.5350701
pcm_fftMag_mfcc[13]_falltime,0.4919468481481481,0.014315476625407633,0.4649298,0.5350701
pcm_fftMag_mfcc[13]_leftctime,0.5031235962962963,0.011620097503446395,0.4698795,0.5220883
pcm_fftMag_mfcc[13]_rightctime,0.4968763851851851,0.011620093663289395,0.4779117,0.5301205
pcm_fftMag_mfcc[13]_duration,500.0,0.0,500.0,500.0
pcm_fftMag_mfcc[14]_max,20.94499074074074,2.876974113607674,15.67269,25.11142
pcm_fftMag_mfcc[14]_min,-25.79981296296296,6.493529749019293,-36.84121,-13.98779
pcm_fftMag_mfcc[14]_range,46.744804074074075,7.1132832185130175,32.15604,56.88572
pcm_fftMag_mfcc[14]_maxPos,222.85185185185185,170.7322924039728,5.0,494.0
pcm_fftMag_mfcc[14]_minPos,257.4074074074074,157.2695528406953,10.0,494.0
pcm_fftMag_mfcc[14]_maxameandist,23.41067111111111,4.036633333746113,15.47269,28.26098
pcm_fftMag_mfcc[14]_minameandist,23.334132592592592,4.791302152832288,15.28278,32.9402
pcm_fftMag_mfcc[14]_linregc1,-0.00045584554444444436,0.009575559762935157,-0.01876294,0.01499053
pcm_fftMag_mfcc[14]_linregc2,-2.351946609259259,3.560628501233681,-7.647845,5.135619
pcm_fftMag_mfcc[14]_linregerrA,5.956883851851852,0.83335518052775,4.235073,7.028972
pcm_fftMag_mfcc[14]_linregerrQ,57.28331407407408,14.46733194714196,29.13807,80.14362
pcm_fftMag_mfcc[14]_qregc1,9.478417777777775e-06,6.476339932483405e-05,-9.253359e-05,0.0001463936
pcm_fftMag_mfcc[14]_qregc2,-0.0051855759629629615,0.03298942632067392,-0.07962311,0.05061072
pcm_fftMag_mfcc[14]_qregc3,-1.9593789962962964,4.037143411404062,-9.000607,4.857607
pcm_fftMag_mfcc[14]_qregerrA,2939.7834444444443,413.40928455999904,2118.304,3510.619
pcm_fftMag_mfcc[14]_qregerrQ,27924.867407407404,7087.792785342867,14551.83,40041.63
pcm_fftMag_mfcc[14]_centroid,0.5002242185185186,0.028697459527765187,0.4337062,0.5533968
pcm_fftMag_mfcc[14]_variance,59.12712333333333,14.202257088297621,29.43417,80.86248
pcm_fftMag_mfcc[14]_stddev,7.627738777777778,0.9904852167634551,5.425327,8.992356
pcm_fftMag_mfcc[14]_skewness,-0.0856229881111111,0.24059130106591384,-0.7331983,0.2378439
pcm_fftMag_mfcc[14]_kurtosis,3.1399817037037034,0.3139348631468997,2.504079,3.836756
pcm_fftMag_mfcc[14]_quartile1,-7.498800518518518,2.824742007991967,-10.59684,-2.195357
pcm_fftMag_mfcc[14]_quartile2,-2.2331908851851847,2.229362545318268,-5.122431,1.978694
pcm_fftMag_mfcc[14]_quartile3,2.635266196296296,1.639627701132131,0.3619025,6.460334
pcm_fftMag_mfcc[14]_upleveltime25,0.9192592592592592,0.04237251702967619,0.818,0.988
pcm_fftMag_mfcc[14]_downleveltime25,0.08074074074074075,0.042372517029676204,0.012,0.182
pcm_fftMag_mfcc[14]_upleveltime50,0.5051851851851852,0.1262771789593271,0.334,0.798
pcm_fftMag_mfcc[14]_downleveltime50,0.4948148148148149,0.1262771789593271,0.202,0.666
pcm_fftMag_mfcc[14]_upleveltime75,0.07177777777777777,0.053769689297777125,0.02,0.242
pcm_fftMag_mfcc[14]_downleveltime75,0.9282222222222223,0.053769689297777104,0.758,0.98
pcm_fftMag_mfcc[14]_upleveltime90,0.008666666666666668,0.006373020054525531,0.002,0.024
pcm_fftMag_mfcc[14]_downleveltime90,0.9913333333333334,0.006373020054525539,0.976,0.998
pcm_fftMag_mfcc[14]_risetime,0.49758777037037033,0.009687957214692039,0.4789579,0.5230461
pcm_fftMag_mfcc[14]_falltime,0.502412237037037,0.009687962459756566,0.4769539,0.5210421
pcm_fftMag_mfcc[14]_leftctime,0.5052803666666666,0.013745491097531126,0.4819277,0.5301205
pcm_fftMag_mfcc[14]_rightctime,0.4947196222222223,0.01374549003621337,0.4698795,0.5180723
pcm_fftMag_mfcc[14]_duration,500.0,0.0,500.0,500.0
